"id","date","deaths","Location","daysSinceData"
"NZL",2020-11-14,25,"New Zealand",-60
"NZL",2020-11-15,25,"New Zealand",-59
"NZL",2020-11-16,25,"New Zealand",-58
"NZL",2020-11-17,25,"New Zealand",-57
"NZL",2020-11-18,25,"New Zealand",-56
"NZL",2020-11-19,25,"New Zealand",-55
"NZL",2020-11-20,25,"New Zealand",-54
"NZL",2020-11-21,25,"New Zealand",-53
"NZL",2020-11-22,25,"New Zealand",-52
"NZL",2020-11-23,25,"New Zealand",-51
"NZL",2020-11-24,25,"New Zealand",-50
"NZL",2020-11-25,25,"New Zealand",-49
"NZL",2020-11-26,25,"New Zealand",-48
"NZL",2020-11-27,25,"New Zealand",-47
"NZL",2020-11-28,25,"New Zealand",-46
"NZL",2020-11-29,25,"New Zealand",-45
"NZL",2020-11-30,25,"New Zealand",-44
"NZL",2020-12-01,25,"New Zealand",-43
"NZL",2020-12-02,25,"New Zealand",-42
"NZL",2020-12-03,25,"New Zealand",-41
"NZL",2020-12-04,25,"New Zealand",-40
"NZL",2020-12-05,25,"New Zealand",-39
"NZL",2020-12-06,25,"New Zealand",-38
"NZL",2020-12-07,25,"New Zealand",-37
"NZL",2020-12-08,25,"New Zealand",-36
"NZL",2020-12-09,25,"New Zealand",-35
"NZL",2020-12-10,25,"New Zealand",-34
"NZL",2020-12-11,25,"New Zealand",-33
"NZL",2020-12-12,25,"New Zealand",-32
"NZL",2020-12-13,25,"New Zealand",-31
"NZL",2020-12-14,25,"New Zealand",-30
"NZL",2020-12-15,25,"New Zealand",-29
"NZL",2020-12-16,25,"New Zealand",-28
"NZL",2020-12-17,25,"New Zealand",-27
"NZL",2020-12-18,25,"New Zealand",-26
"NZL",2020-12-19,25,"New Zealand",-25
"NZL",2020-12-20,25,"New Zealand",-24
"NZL",2020-12-21,25,"New Zealand",-23
"NZL",2020-12-22,25,"New Zealand",-22
"NZL",2020-12-23,25,"New Zealand",-21
"NZL",2020-12-24,25,"New Zealand",-20
"NZL",2020-12-25,25,"New Zealand",-19
"NZL",2020-12-26,25,"New Zealand",-18
"NZL",2020-12-27,25,"New Zealand",-17
"NZL",2020-12-28,25,"New Zealand",-16
"NZL",2020-12-29,25,"New Zealand",-15
"NZL",2020-12-30,25,"New Zealand",-14
"NZL",2020-12-31,25,"New Zealand",-13
"NZL",2021-01-01,25,"New Zealand",-12
"NZL",2021-01-02,25,"New Zealand",-11
"NZL",2021-01-03,25,"New Zealand",-10
"NZL",2021-01-04,25,"New Zealand",-9
"NZL",2021-01-05,25,"New Zealand",-8
"NZL",2021-01-06,25,"New Zealand",-7
"NZL",2021-01-07,25,"New Zealand",-6
"NZL",2021-01-08,25,"New Zealand",-5
"NZL",2021-01-09,25,"New Zealand",-4
"NZL",2021-01-10,25,"New Zealand",-3
"NZL",2021-01-11,25,"New Zealand",-2
"NZL",2021-01-12,25,"New Zealand",-1
"NZL",2021-01-13,25,"New Zealand",0
"NZL",2021-01-14,25,"New Zealand",1
"NZL",2021-01-15,25,"New Zealand",2
"NZL",2021-01-16,25,"New Zealand",3
"NZL",2021-01-17,25,"New Zealand",4
"NZL",2021-01-18,25,"New Zealand",5
"NZL",2021-01-19,25,"New Zealand",6
"NZL",2021-01-20,25,"New Zealand",7
"NZL",2021-01-21,25,"New Zealand",8
"NZL",2021-01-22,25,"New Zealand",9
"NZL",2021-01-23,25,"New Zealand",10
"NZL",2021-01-24,25,"New Zealand",11
"NZL",2021-01-25,25,"New Zealand",12
"NZL",2021-01-26,25,"New Zealand",13
"NZL",2021-01-27,25,"New Zealand",14
"NZL",2021-01-28,25,"New Zealand",15
"NZL",2021-01-29,25,"New Zealand",16
"NZL",2021-01-30,25,"New Zealand",17
"NZL",2021-01-31,25,"New Zealand",18
"NZL",2021-02-01,25,"New Zealand",19
"NZL",2021-02-02,25,"New Zealand",20
"NZL",2021-02-03,25,"New Zealand",21
"NZL",2021-02-04,25,"New Zealand",22
"NZL",2021-02-05,25,"New Zealand",23
"NZL",2021-02-06,25,"New Zealand",24
"NZL",2021-02-07,25,"New Zealand",25
"NZL",2021-02-08,25,"New Zealand",26
"NZL",2021-02-09,25,"New Zealand",27
"NZL",2021-02-10,25,"New Zealand",28
"NZL",2021-02-11,25,"New Zealand",29
"NZL",2021-02-12,25,"New Zealand",30
"NZL",2021-02-13,25,"New Zealand",31
"NZL",2021-02-14,25,"New Zealand",32
"NZL",2021-02-15,26,"New Zealand",33
"NZL",2021-02-16,26,"New Zealand",34
"NZL",2021-02-17,26,"New Zealand",35
"NZL",2021-02-18,26,"New Zealand",36
"NZL",2021-02-19,26,"New Zealand",37
"NZL",2021-02-20,26,"New Zealand",38
"NZL",2021-02-21,26,"New Zealand",39
"NZL",2021-02-22,26,"New Zealand",40
"NZL",2021-02-23,26,"New Zealand",41
"NZL",2021-02-24,26,"New Zealand",42
"NZL",2021-02-25,26,"New Zealand",43
"NZL",2021-02-26,26,"New Zealand",44
"NZL",2021-02-27,26,"New Zealand",45
"NZL",2021-02-28,26,"New Zealand",46
"NZL",2021-03-01,26,"New Zealand",47
"NZL",2021-03-02,26,"New Zealand",48
"NZL",2021-03-03,26,"New Zealand",49
"NZL",2021-03-04,26,"New Zealand",50
"NZL",2021-03-05,26,"New Zealand",51
"NZL",2021-03-06,26,"New Zealand",52
"NZL",2021-03-07,26,"New Zealand",53
"NZL",2021-03-08,26,"New Zealand",54
"NZL",2021-03-09,26,"New Zealand",55
"NZL",2021-03-10,26,"New Zealand",56
"NZL",2021-03-11,26,"New Zealand",57
"NZL",2021-03-12,26,"New Zealand",58
"NZL",2021-03-13,26,"New Zealand",59
"NZL",2021-03-14,26,"New Zealand",60
"KOR",2020-03-01,17,"Korea, South",-60
"KOR",2020-03-02,28,"Korea, South",-59
"KOR",2020-03-03,28,"Korea, South",-58
"KOR",2020-03-04,35,"Korea, South",-57
"KOR",2020-03-05,35,"Korea, South",-56
"KOR",2020-03-06,42,"Korea, South",-55
"KOR",2020-03-07,44,"Korea, South",-54
"KOR",2020-03-08,50,"Korea, South",-53
"KOR",2020-03-09,53,"Korea, South",-52
"KOR",2020-03-10,54,"Korea, South",-51
"KOR",2020-03-11,60,"Korea, South",-50
"KOR",2020-03-12,66,"Korea, South",-49
"KOR",2020-03-13,66,"Korea, South",-48
"KOR",2020-03-14,72,"Korea, South",-47
"KOR",2020-03-15,75,"Korea, South",-46
"KOR",2020-03-16,75,"Korea, South",-45
"KOR",2020-03-17,81,"Korea, South",-44
"KOR",2020-03-18,84,"Korea, South",-43
"KOR",2020-03-19,91,"Korea, South",-42
"KOR",2020-03-20,94,"Korea, South",-41
"KOR",2020-03-21,102,"Korea, South",-40
"KOR",2020-03-22,111,"Korea, South",-39
"KOR",2020-03-23,111,"Korea, South",-38
"KOR",2020-03-24,120,"Korea, South",-37
"KOR",2020-03-25,126,"Korea, South",-36
"KOR",2020-03-26,131,"Korea, South",-35
"KOR",2020-03-27,139,"Korea, South",-34
"KOR",2020-03-28,144,"Korea, South",-33
"KOR",2020-03-29,152,"Korea, South",-32
"KOR",2020-03-30,158,"Korea, South",-31
"KOR",2020-03-31,162,"Korea, South",-30
"KOR",2020-04-01,165,"Korea, South",-29
"KOR",2020-04-02,169,"Korea, South",-28
"KOR",2020-04-03,174,"Korea, South",-27
"KOR",2020-04-04,177,"Korea, South",-26
"KOR",2020-04-05,183,"Korea, South",-25
"KOR",2020-04-06,186,"Korea, South",-24
"KOR",2020-04-07,192,"Korea, South",-23
"KOR",2020-04-08,200,"Korea, South",-22
"KOR",2020-04-09,204,"Korea, South",-21
"KOR",2020-04-10,208,"Korea, South",-20
"KOR",2020-04-11,211,"Korea, South",-19
"KOR",2020-04-12,214,"Korea, South",-18
"KOR",2020-04-13,217,"Korea, South",-17
"KOR",2020-04-14,222,"Korea, South",-16
"KOR",2020-04-15,225,"Korea, South",-15
"KOR",2020-04-16,229,"Korea, South",-14
"KOR",2020-04-17,230,"Korea, South",-13
"KOR",2020-04-18,232,"Korea, South",-12
"KOR",2020-04-19,234,"Korea, South",-11
"KOR",2020-04-20,236,"Korea, South",-10
"KOR",2020-04-21,237,"Korea, South",-9
"KOR",2020-04-22,238,"Korea, South",-8
"KOR",2020-04-23,240,"Korea, South",-7
"KOR",2020-04-24,240,"Korea, South",-6
"KOR",2020-04-25,242,"Korea, South",-5
"KOR",2020-04-26,243,"Korea, South",-4
"KOR",2020-04-27,244,"Korea, South",-3
"KOR",2020-04-28,246,"Korea, South",-2
"KOR",2020-04-29,247,"Korea, South",-1
"KOR",2020-04-30,248,"Korea, South",0
"KOR",2020-05-01,250,"Korea, South",1
"KOR",2020-05-02,250,"Korea, South",2
"KOR",2020-05-03,252,"Korea, South",3
"KOR",2020-05-04,254,"Korea, South",4
"KOR",2020-05-05,255,"Korea, South",5
"KOR",2020-05-06,256,"Korea, South",6
"KOR",2020-05-07,256,"Korea, South",7
"KOR",2020-05-08,256,"Korea, South",8
"KOR",2020-05-09,256,"Korea, South",9
"KOR",2020-05-10,256,"Korea, South",10
"KOR",2020-05-11,258,"Korea, South",11
"KOR",2020-05-12,259,"Korea, South",12
"KOR",2020-05-13,260,"Korea, South",13
"KOR",2020-05-14,260,"Korea, South",14
"KOR",2020-05-15,262,"Korea, South",15
"KOR",2020-05-16,262,"Korea, South",16
"KOR",2020-05-17,263,"Korea, South",17
"KOR",2020-05-18,263,"Korea, South",18
"KOR",2020-05-19,263,"Korea, South",19
"KOR",2020-05-20,264,"Korea, South",20
"KOR",2020-05-21,264,"Korea, South",21
"KOR",2020-05-22,266,"Korea, South",22
"KOR",2020-05-23,266,"Korea, South",23
"KOR",2020-05-24,267,"Korea, South",24
"KOR",2020-05-25,269,"Korea, South",25
"KOR",2020-05-26,269,"Korea, South",26
"KOR",2020-05-27,269,"Korea, South",27
"KOR",2020-05-28,269,"Korea, South",28
"KOR",2020-05-29,269,"Korea, South",29
"KOR",2020-05-30,270,"Korea, South",30
"KOR",2020-05-31,271,"Korea, South",31
"KOR",2020-06-01,272,"Korea, South",32
"KOR",2020-06-02,273,"Korea, South",33
"KOR",2020-06-03,273,"Korea, South",34
"KOR",2020-06-04,273,"Korea, South",35
"KOR",2020-06-05,273,"Korea, South",36
"KOR",2020-06-06,273,"Korea, South",37
"KOR",2020-06-07,273,"Korea, South",38
"KOR",2020-06-08,274,"Korea, South",39
"KOR",2020-06-09,276,"Korea, South",40
"KOR",2020-06-10,276,"Korea, South",41
"KOR",2020-06-11,277,"Korea, South",42
"KOR",2020-06-12,277,"Korea, South",43
"KOR",2020-06-13,277,"Korea, South",44
"KOR",2020-06-14,277,"Korea, South",45
"KOR",2020-06-15,278,"Korea, South",46
"KOR",2020-06-16,279,"Korea, South",47
"KOR",2020-06-17,280,"Korea, South",48
"KOR",2020-06-18,280,"Korea, South",49
"KOR",2020-06-19,280,"Korea, South",50
"KOR",2020-06-20,280,"Korea, South",51
"KOR",2020-06-21,280,"Korea, South",52
"KOR",2020-06-22,281,"Korea, South",53
"KOR",2020-06-23,281,"Korea, South",54
"KOR",2020-06-24,282,"Korea, South",55
"KOR",2020-06-25,282,"Korea, South",56
"KOR",2020-06-26,282,"Korea, South",57
"KOR",2020-06-27,282,"Korea, South",58
"KOR",2020-06-28,282,"Korea, South",59
"KOR",2020-06-29,282,"Korea, South",60
"ESP",2020-03-12,55,"Spain",-60
"ESP",2020-03-13,133,"Spain",-59
"ESP",2020-03-14,195,"Spain",-58
"ESP",2020-03-15,289,"Spain",-57
"ESP",2020-03-16,342,"Spain",-56
"ESP",2020-03-17,533,"Spain",-55
"ESP",2020-03-18,623,"Spain",-54
"ESP",2020-03-19,830,"Spain",-53
"ESP",2020-03-20,1043,"Spain",-52
"ESP",2020-03-21,1375,"Spain",-51
"ESP",2020-03-22,1772,"Spain",-50
"ESP",2020-03-23,2311,"Spain",-49
"ESP",2020-03-24,2808,"Spain",-48
"ESP",2020-03-25,3647,"Spain",-47
"ESP",2020-03-26,4365,"Spain",-46
"ESP",2020-03-27,5138,"Spain",-45
"ESP",2020-03-28,5982,"Spain",-44
"ESP",2020-03-29,6803,"Spain",-43
"ESP",2020-03-30,7716,"Spain",-42
"ESP",2020-03-31,8464,"Spain",-41
"ESP",2020-04-01,9387,"Spain",-40
"ESP",2020-04-02,10348,"Spain",-39
"ESP",2020-04-03,11198,"Spain",-38
"ESP",2020-04-04,11947,"Spain",-37
"ESP",2020-04-05,12641,"Spain",-36
"ESP",2020-04-06,13341,"Spain",-35
"ESP",2020-04-07,14045,"Spain",-34
"ESP",2020-04-08,14792,"Spain",-33
"ESP",2020-04-09,15447,"Spain",-32
"ESP",2020-04-10,16081,"Spain",-31
"ESP",2020-04-11,16606,"Spain",-30
"ESP",2020-04-12,17209,"Spain",-29
"ESP",2020-04-13,17756,"Spain",-28
"ESP",2020-04-14,18056,"Spain",-27
"ESP",2020-04-15,18708,"Spain",-26
"ESP",2020-04-16,19315,"Spain",-25
"ESP",2020-04-17,20002,"Spain",-24
"ESP",2020-04-18,20043,"Spain",-23
"ESP",2020-04-19,20453,"Spain",-22
"ESP",2020-04-20,20852,"Spain",-21
"ESP",2020-04-21,21282,"Spain",-20
"ESP",2020-04-22,21717,"Spain",-19
"ESP",2020-04-23,22157,"Spain",-18
"ESP",2020-04-24,22524,"Spain",-17
"ESP",2020-04-25,22902,"Spain",-16
"ESP",2020-04-26,23190,"Spain",-15
"ESP",2020-04-27,23521,"Spain",-14
"ESP",2020-04-28,23822,"Spain",-13
"ESP",2020-04-29,24275,"Spain",-12
"ESP",2020-04-30,24543,"Spain",-11
"ESP",2020-05-01,24543,"Spain",-10
"ESP",2020-05-02,25100,"Spain",-9
"ESP",2020-05-03,25264,"Spain",-8
"ESP",2020-05-04,25428,"Spain",-7
"ESP",2020-05-05,25613,"Spain",-6
"ESP",2020-05-06,25857,"Spain",-5
"ESP",2020-05-07,26070,"Spain",-4
"ESP",2020-05-08,26299,"Spain",-3
"ESP",2020-05-09,26478,"Spain",-2
"ESP",2020-05-10,26621,"Spain",-1
"ESP",2020-05-11,26744,"Spain",0
"ESP",2020-05-12,26920,"Spain",1
"ESP",2020-05-13,27104,"Spain",2
"ESP",2020-05-14,27321,"Spain",3
"ESP",2020-05-15,27459,"Spain",4
"ESP",2020-05-16,27563,"Spain",5
"ESP",2020-05-17,27563,"Spain",6
"ESP",2020-05-18,27709,"Spain",7
"ESP",2020-05-19,27778,"Spain",8
"ESP",2020-05-20,27888,"Spain",9
"ESP",2020-05-21,27940,"Spain",10
"ESP",2020-05-22,28628,"Spain",11
"ESP",2020-05-23,28678,"Spain",12
"ESP",2020-05-24,28752,"Spain",13
"ESP",2020-05-25,26834,"Spain",14
"ESP",2020-05-26,27117,"Spain",15
"ESP",2020-05-27,27117,"Spain",16
"ESP",2020-05-28,27119,"Spain",17
"ESP",2020-05-29,27121,"Spain",18
"ESP",2020-05-30,27125,"Spain",19
"ESP",2020-05-31,27127,"Spain",20
"ESP",2020-06-01,27127,"Spain",21
"ESP",2020-06-02,27127,"Spain",22
"ESP",2020-06-03,27128,"Spain",23
"ESP",2020-06-04,27133,"Spain",24
"ESP",2020-06-05,27134,"Spain",25
"ESP",2020-06-06,27135,"Spain",26
"ESP",2020-06-07,27136,"Spain",27
"ESP",2020-06-08,27136,"Spain",28
"ESP",2020-06-09,27136,"Spain",29
"ESP",2020-06-10,27136,"Spain",30
"ESP",2020-06-11,27136,"Spain",31
"ESP",2020-06-12,27136,"Spain",32
"ESP",2020-06-13,27136,"Spain",33
"ESP",2020-06-14,27136,"Spain",34
"ESP",2020-06-15,27136,"Spain",35
"ESP",2020-06-16,27136,"Spain",36
"ESP",2020-06-17,27136,"Spain",37
"ESP",2020-06-18,27136,"Spain",38
"ESP",2020-06-19,28315,"Spain",39
"ESP",2020-06-20,28322,"Spain",40
"ESP",2020-06-21,28323,"Spain",41
"ESP",2020-06-22,28324,"Spain",42
"ESP",2020-06-23,28325,"Spain",43
"ESP",2020-06-24,28327,"Spain",44
"ESP",2020-06-25,28330,"Spain",45
"ESP",2020-06-26,28338,"Spain",46
"ESP",2020-06-27,28341,"Spain",47
"ESP",2020-06-28,28343,"Spain",48
"ESP",2020-06-29,28346,"Spain",49
"ESP",2020-06-30,28355,"Spain",50
"ESP",2020-07-01,28364,"Spain",51
"ESP",2020-07-02,28368,"Spain",52
"ESP",2020-07-03,28385,"Spain",53
"ESP",2020-07-04,28385,"Spain",54
"ESP",2020-07-05,28385,"Spain",55
"ESP",2020-07-06,28388,"Spain",56
"ESP",2020-07-07,28392,"Spain",57
"ESP",2020-07-08,28396,"Spain",58
"ESP",2020-07-09,28401,"Spain",59
"ESP",2020-07-10,28403,"Spain",60
"IRL",2020-05-17,1543,"Ireland",-60
"IRL",2020-05-18,1547,"Ireland",-59
"IRL",2020-05-19,1561,"Ireland",-58
"IRL",2020-05-20,1571,"Ireland",-57
"IRL",2020-05-21,1583,"Ireland",-56
"IRL",2020-05-22,1592,"Ireland",-55
"IRL",2020-05-23,1604,"Ireland",-54
"IRL",2020-05-24,1608,"Ireland",-53
"IRL",2020-05-25,1606,"Ireland",-52
"IRL",2020-05-26,1615,"Ireland",-51
"IRL",2020-05-27,1631,"Ireland",-50
"IRL",2020-05-28,1639,"Ireland",-49
"IRL",2020-05-29,1645,"Ireland",-48
"IRL",2020-05-30,1650,"Ireland",-47
"IRL",2020-05-31,1651,"Ireland",-46
"IRL",2020-06-01,1650,"Ireland",-45
"IRL",2020-06-02,1658,"Ireland",-44
"IRL",2020-06-03,1659,"Ireland",-43
"IRL",2020-06-04,1664,"Ireland",-42
"IRL",2020-06-05,1670,"Ireland",-41
"IRL",2020-06-06,1678,"Ireland",-40
"IRL",2020-06-07,1679,"Ireland",-39
"IRL",2020-06-08,1683,"Ireland",-38
"IRL",2020-06-09,1691,"Ireland",-37
"IRL",2020-06-10,1695,"Ireland",-36
"IRL",2020-06-11,1703,"Ireland",-35
"IRL",2020-06-12,1705,"Ireland",-34
"IRL",2020-06-13,1705,"Ireland",-33
"IRL",2020-06-14,1706,"Ireland",-32
"IRL",2020-06-15,1706,"Ireland",-31
"IRL",2020-06-16,1709,"Ireland",-30
"IRL",2020-06-17,1710,"Ireland",-29
"IRL",2020-06-18,1714,"Ireland",-28
"IRL",2020-06-19,1714,"Ireland",-27
"IRL",2020-06-20,1715,"Ireland",-26
"IRL",2020-06-21,1715,"Ireland",-25
"IRL",2020-06-22,1717,"Ireland",-24
"IRL",2020-06-23,1720,"Ireland",-23
"IRL",2020-06-24,1726,"Ireland",-22
"IRL",2020-06-25,1727,"Ireland",-21
"IRL",2020-06-26,1730,"Ireland",-20
"IRL",2020-06-27,1734,"Ireland",-19
"IRL",2020-06-28,1735,"Ireland",-18
"IRL",2020-06-29,1735,"Ireland",-17
"IRL",2020-06-30,1736,"Ireland",-16
"IRL",2020-07-01,1738,"Ireland",-15
"IRL",2020-07-02,1738,"Ireland",-14
"IRL",2020-07-03,1740,"Ireland",-13
"IRL",2020-07-04,1741,"Ireland",-12
"IRL",2020-07-05,1741,"Ireland",-11
"IRL",2020-07-06,1741,"Ireland",-10
"IRL",2020-07-07,1742,"Ireland",-9
"IRL",2020-07-08,1738,"Ireland",-8
"IRL",2020-07-09,1743,"Ireland",-7
"IRL",2020-07-10,1744,"Ireland",-6
"IRL",2020-07-11,1746,"Ireland",-5
"IRL",2020-07-12,1746,"Ireland",-4
"IRL",2020-07-13,1746,"Ireland",-3
"IRL",2020-07-14,1746,"Ireland",-2
"IRL",2020-07-15,1748,"Ireland",-1
"IRL",2020-07-16,1749,"Ireland",0
"IRL",2020-07-17,1752,"Ireland",1
"IRL",2020-07-18,1753,"Ireland",2
"IRL",2020-07-19,1753,"Ireland",3
"IRL",2020-07-20,1753,"Ireland",4
"IRL",2020-07-21,1753,"Ireland",5
"IRL",2020-07-22,1754,"Ireland",6
"IRL",2020-07-23,1763,"Ireland",7
"IRL",2020-07-24,1763,"Ireland",8
"IRL",2020-07-25,1764,"Ireland",9
"IRL",2020-07-26,1764,"Ireland",10
"IRL",2020-07-27,1764,"Ireland",11
"IRL",2020-07-28,1764,"Ireland",12
"IRL",2020-07-29,1764,"Ireland",13
"IRL",2020-07-30,1763,"Ireland",14
"IRL",2020-07-31,1763,"Ireland",15
"IRL",2020-08-01,1763,"Ireland",16
"IRL",2020-08-02,1763,"Ireland",17
"IRL",2020-08-03,1763,"Ireland",18
"IRL",2020-08-04,1763,"Ireland",19
"IRL",2020-08-05,1763,"Ireland",20
"IRL",2020-08-06,1769,"Ireland",21
"IRL",2020-08-07,1772,"Ireland",22
"IRL",2020-08-08,1772,"Ireland",23
"IRL",2020-08-09,1772,"Ireland",24
"IRL",2020-08-10,1772,"Ireland",25
"IRL",2020-08-11,1773,"Ireland",26
"IRL",2020-08-12,1774,"Ireland",27
"IRL",2020-08-13,1774,"Ireland",28
"IRL",2020-08-14,1774,"Ireland",29
"IRL",2020-08-15,1774,"Ireland",30
"IRL",2020-08-16,1774,"Ireland",31
"IRL",2020-08-17,1774,"Ireland",32
"IRL",2020-08-18,1775,"Ireland",33
"IRL",2020-08-19,1775,"Ireland",34
"IRL",2020-08-20,1776,"Ireland",35
"IRL",2020-08-21,1776,"Ireland",36
"IRL",2020-08-22,1777,"Ireland",37
"IRL",2020-08-23,1777,"Ireland",38
"IRL",2020-08-24,1777,"Ireland",39
"IRL",2020-08-25,1777,"Ireland",40
"IRL",2020-08-26,1777,"Ireland",41
"IRL",2020-08-27,1777,"Ireland",42
"IRL",2020-08-28,1777,"Ireland",43
"IRL",2020-08-29,1777,"Ireland",44
"IRL",2020-08-30,1777,"Ireland",45
"IRL",2020-08-31,1777,"Ireland",46
"IRL",2020-09-01,1777,"Ireland",47
"IRL",2020-09-02,1777,"Ireland",48
"IRL",2020-09-03,1777,"Ireland",49
"IRL",2020-09-04,1777,"Ireland",50
"IRL",2020-09-05,1777,"Ireland",51
"IRL",2020-09-06,1777,"Ireland",52
"IRL",2020-09-07,1777,"Ireland",53
"IRL",2020-09-08,1778,"Ireland",54
"IRL",2020-09-09,1781,"Ireland",55
"IRL",2020-09-10,1781,"Ireland",56
"IRL",2020-09-11,1781,"Ireland",57
"IRL",2020-09-12,1783,"Ireland",58
"IRL",2020-09-13,1784,"Ireland",59
"IRL",2020-09-14,1784,"Ireland",60
"SWE",2020-03-25,103,"Sweden",-60
"SWE",2020-03-26,134,"Sweden",-59
"SWE",2020-03-27,166,"Sweden",-58
"SWE",2020-03-28,201,"Sweden",-57
"SWE",2020-03-29,239,"Sweden",-56
"SWE",2020-03-30,284,"Sweden",-55
"SWE",2020-03-31,332,"Sweden",-54
"SWE",2020-04-01,385,"Sweden",-53
"SWE",2020-04-02,455,"Sweden",-52
"SWE",2020-04-03,535,"Sweden",-51
"SWE",2020-04-04,605,"Sweden",-50
"SWE",2020-04-05,690,"Sweden",-49
"SWE",2020-04-06,780,"Sweden",-48
"SWE",2020-04-07,864,"Sweden",-47
"SWE",2020-04-08,979,"Sweden",-46
"SWE",2020-04-09,1065,"Sweden",-45
"SWE",2020-04-10,1155,"Sweden",-44
"SWE",2020-04-11,1257,"Sweden",-43
"SWE",2020-04-12,1354,"Sweden",-42
"SWE",2020-04-13,1438,"Sweden",-41
"SWE",2020-04-14,1529,"Sweden",-40
"SWE",2020-04-15,1644,"Sweden",-39
"SWE",2020-04-16,1755,"Sweden",-38
"SWE",2020-04-17,1838,"Sweden",-37
"SWE",2020-04-18,1924,"Sweden",-36
"SWE",2020-04-19,2011,"Sweden",-35
"SWE",2020-04-20,2096,"Sweden",-34
"SWE",2020-04-21,2158,"Sweden",-33
"SWE",2020-04-22,2235,"Sweden",-32
"SWE",2020-04-23,2321,"Sweden",-31
"SWE",2020-04-24,2410,"Sweden",-30
"SWE",2020-04-25,2483,"Sweden",-29
"SWE",2020-04-26,2557,"Sweden",-28
"SWE",2020-04-27,2631,"Sweden",-27
"SWE",2020-04-28,2714,"Sweden",-26
"SWE",2020-04-29,2797,"Sweden",-25
"SWE",2020-04-30,2875,"Sweden",-24
"SWE",2020-05-01,2953,"Sweden",-23
"SWE",2020-05-02,3025,"Sweden",-22
"SWE",2020-05-03,3100,"Sweden",-21
"SWE",2020-05-04,3183,"Sweden",-20
"SWE",2020-05-05,3255,"Sweden",-19
"SWE",2020-05-06,3328,"Sweden",-18
"SWE",2020-05-07,3408,"Sweden",-17
"SWE",2020-05-08,3468,"Sweden",-16
"SWE",2020-05-09,3536,"Sweden",-15
"SWE",2020-05-10,3609,"Sweden",-14
"SWE",2020-05-11,3674,"Sweden",-13
"SWE",2020-05-12,3735,"Sweden",-12
"SWE",2020-05-13,3785,"Sweden",-11
"SWE",2020-05-14,3831,"Sweden",-10
"SWE",2020-05-15,3889,"Sweden",-9
"SWE",2020-05-16,3937,"Sweden",-8
"SWE",2020-05-17,3989,"Sweden",-7
"SWE",2020-05-18,4048,"Sweden",-6
"SWE",2020-05-19,4089,"Sweden",-5
"SWE",2020-05-20,4141,"Sweden",-4
"SWE",2020-05-21,4194,"Sweden",-3
"SWE",2020-05-22,4250,"Sweden",-2
"SWE",2020-05-23,4305,"Sweden",-1
"SWE",2020-05-24,4349,"Sweden",0
"SWE",2020-05-25,4391,"Sweden",1
"SWE",2020-05-26,4419,"Sweden",2
"SWE",2020-05-27,4457,"Sweden",3
"SWE",2020-05-28,4497,"Sweden",4
"SWE",2020-05-29,4537,"Sweden",5
"SWE",2020-05-30,4575,"Sweden",6
"SWE",2020-05-31,4621,"Sweden",7
"SWE",2020-06-01,4660,"Sweden",8
"SWE",2020-06-02,4696,"Sweden",9
"SWE",2020-06-03,4724,"Sweden",10
"SWE",2020-06-04,4768,"Sweden",11
"SWE",2020-06-05,4805,"Sweden",12
"SWE",2020-06-06,4834,"Sweden",13
"SWE",2020-06-07,4867,"Sweden",14
"SWE",2020-06-08,4905,"Sweden",15
"SWE",2020-06-09,4938,"Sweden",16
"SWE",2020-06-10,4977,"Sweden",17
"SWE",2020-06-11,5012,"Sweden",18
"SWE",2020-06-12,5041,"Sweden",19
"SWE",2020-06-13,5074,"Sweden",20
"SWE",2020-06-14,5101,"Sweden",21
"SWE",2020-06-15,5131,"Sweden",22
"SWE",2020-06-16,5159,"Sweden",23
"SWE",2020-06-17,5191,"Sweden",24
"SWE",2020-06-18,5220,"Sweden",25
"SWE",2020-06-19,5250,"Sweden",26
"SWE",2020-06-20,5279,"Sweden",27
"SWE",2020-06-21,5301,"Sweden",28
"SWE",2020-06-22,5321,"Sweden",29
"SWE",2020-06-23,5346,"Sweden",30
"SWE",2020-06-24,5368,"Sweden",31
"SWE",2020-06-25,5391,"Sweden",32
"SWE",2020-06-26,5402,"Sweden",33
"SWE",2020-06-27,5416,"Sweden",34
"SWE",2020-06-28,5439,"Sweden",35
"SWE",2020-06-29,5455,"Sweden",36
"SWE",2020-06-30,5475,"Sweden",37
"SWE",2020-07-01,5490,"Sweden",38
"SWE",2020-07-02,5505,"Sweden",39
"SWE",2020-07-03,5513,"Sweden",40
"SWE",2020-07-04,5528,"Sweden",41
"SWE",2020-07-05,5537,"Sweden",42
"SWE",2020-07-06,5552,"Sweden",43
"SWE",2020-07-07,5564,"Sweden",44
"SWE",2020-07-08,5574,"Sweden",45
"SWE",2020-07-09,5589,"Sweden",46
"SWE",2020-07-10,5603,"Sweden",47
"SWE",2020-07-11,5613,"Sweden",48
"SWE",2020-07-12,5621,"Sweden",49
"SWE",2020-07-13,5633,"Sweden",50
"SWE",2020-07-14,5641,"Sweden",51
"SWE",2020-07-15,5647,"Sweden",52
"SWE",2020-07-16,5653,"Sweden",53
"SWE",2020-07-17,5660,"Sweden",54
"SWE",2020-07-18,5671,"Sweden",55
"SWE",2020-07-19,5678,"Sweden",56
"SWE",2020-07-20,5684,"Sweden",57
"SWE",2020-07-21,5691,"Sweden",58
"SWE",2020-07-22,5697,"Sweden",59
"SWE",2020-07-23,5702,"Sweden",60
"5c1e7e20",2020-04-24,5452,"Ile de France",-60
"5c1e7e20",2020-04-25,5516,"Ile de France",-59
"5c1e7e20",2020-04-26,5578,"Ile de France",-58
"5c1e7e20",2020-04-27,5690,"Ile de France",-57
"5c1e7e20",2020-04-28,5787,"Ile de France",-56
"5c1e7e20",2020-04-29,5938,"Ile de France",-55
"5c1e7e20",2020-04-30,6008,"Ile de France",-54
"5c1e7e20",2020-05-01,6047,"Ile de France",-53
"5c1e7e20",2020-05-02,6085,"Ile de France",-52
"5c1e7e20",2020-05-03,6116,"Ile de France",-51
"5c1e7e20",2020-05-04,6208,"Ile de France",-50
"5c1e7e20",2020-05-05,6285,"Ile de France",-49
"5c1e7e20",2020-05-06,6347,"Ile de France",-48
"5c1e7e20",2020-05-07,6390,"Ile de France",-47
"5c1e7e20",2020-05-08,6421,"Ile de France",-46
"5c1e7e20",2020-05-09,6451,"Ile de France",-45
"5c1e7e20",2020-05-10,6474,"Ile de France",-44
"5c1e7e20",2020-05-11,6528,"Ile de France",-43
"5c1e7e20",2020-05-12,6594,"Ile de France",-42
"5c1e7e20",2020-05-13,6627,"Ile de France",-41
"5c1e7e20",2020-05-14,6663,"Ile de France",-40
"5c1e7e20",2020-05-15,6694,"Ile de France",-39
"5c1e7e20",2020-05-16,6710,"Ile de France",-38
"5c1e7e20",2020-05-17,6727,"Ile de France",-37
"5c1e7e20",2020-05-18,6766,"Ile de France",-36
"5c1e7e20",2020-05-19,6816,"Ile de France",-35
"5c1e7e20",2020-05-20,6844,"Ile de France",-34
"5c1e7e20",2020-05-21,6867,"Ile de France",-33
"5c1e7e20",2020-05-22,6898,"Ile de France",-32
"5c1e7e20",2020-05-23,6907,"Ile de France",-31
"5c1e7e20",2020-05-24,6918,"Ile de France",-30
"5c1e7e20",2020-05-25,6950,"Ile de France",-29
"5c1e7e20",2020-05-26,6988,"Ile de France",-28
"5c1e7e20",2020-05-27,7014,"Ile de France",-27
"5c1e7e20",2020-05-28,7037,"Ile de France",-26
"5c1e7e20",2020-05-29,7053,"Ile de France",-25
"5c1e7e20",2020-05-30,7091,"Ile de France",-24
"5c1e7e20",2020-05-31,7106,"Ile de France",-23
"5c1e7e20",2020-06-01,7119,"Ile de France",-22
"5c1e7e20",2020-06-02,7147,"Ile de France",-21
"5c1e7e20",2020-06-03,7182,"Ile de France",-20
"5c1e7e20",2020-06-04,7194,"Ile de France",-19
"5c1e7e20",2020-06-05,7205,"Ile de France",-18
"5c1e7e20",2020-06-06,7225,"Ile de France",-17
"5c1e7e20",2020-06-07,7230,"Ile de France",-16
"5c1e7e20",2020-06-08,7244,"Ile de France",-15
"5c1e7e20",2020-06-09,7274,"Ile de France",-14
"5c1e7e20",2020-06-10,7283,"Ile de France",-13
"5c1e7e20",2020-06-11,7295,"Ile de France",-12
"5c1e7e20",2020-06-12,7310,"Ile de France",-11
"5c1e7e20",2020-06-13,7325,"Ile de France",-10
"5c1e7e20",2020-06-14,7328,"Ile de France",-9
"5c1e7e20",2020-06-15,7339,"Ile de France",-8
"5c1e7e20",2020-06-16,7358,"Ile de France",-7
"5c1e7e20",2020-06-17,7369,"Ile de France",-6
"5c1e7e20",2020-06-18,7373,"Ile de France",-5
"5c1e7e20",2020-06-19,7375,"Ile de France",-4
"5c1e7e20",2020-06-20,7383,"Ile de France",-3
"5c1e7e20",2020-06-21,7385,"Ile de France",-2
"5c1e7e20",2020-06-22,7393,"Ile de France",-1
"5c1e7e20",2020-06-23,7407,"Ile de France",0
"5c1e7e20",2020-06-24,7407,"Ile de France",1
"5c1e7e20",2020-06-25,7414,"Ile de France",2
"5c1e7e20",2020-06-26,7425,"Ile de France",3
"5c1e7e20",2020-06-27,7427,"Ile de France",4
"5c1e7e20",2020-06-28,7427,"Ile de France",5
"5c1e7e20",2020-06-29,7431,"Ile de France",6
"5c1e7e20",2020-06-30,7441,"Ile de France",7
"5c1e7e20",2020-07-01,7443,"Ile de France",8
"5c1e7e20",2020-07-02,7448,"Ile de France",9
"5c1e7e20",2020-07-03,7454,"Ile de France",10
"5c1e7e20",2020-07-04,7460,"Ile de France",11
"5c1e7e20",2020-07-05,7460,"Ile de France",12
"5c1e7e20",2020-07-06,7464,"Ile de France",13
"5c1e7e20",2020-07-07,7480,"Ile de France",14
"5c1e7e20",2020-07-08,7489,"Ile de France",15
"5c1e7e20",2020-07-09,7494,"Ile de France",16
"5c1e7e20",2020-07-10,7496,"Ile de France",17
"5c1e7e20",2020-07-11,7498,"Ile de France",18
"5c1e7e20",2020-07-12,7498,"Ile de France",19
"5c1e7e20",2020-07-13,7506,"Ile de France",20
"5c1e7e20",2020-07-14,7508,"Ile de France",21
"5c1e7e20",2020-07-15,7513,"Ile de France",22
"5c1e7e20",2020-07-16,7519,"Ile de France",23
"5c1e7e20",2020-07-17,7520,"Ile de France",24
"5c1e7e20",2020-07-18,7523,"Ile de France",25
"5c1e7e20",2020-07-19,7523,"Ile de France",26
"5c1e7e20",2020-07-20,7528,"Ile de France",27
"5c1e7e20",2020-07-21,7533,"Ile de France",28
"5c1e7e20",2020-07-22,7533,"Ile de France",29
"5c1e7e20",2020-07-23,7538,"Ile de France",30
"5c1e7e20",2020-07-24,7541,"Ile de France",31
"5c1e7e20",2020-07-25,7545,"Ile de France",32
"5c1e7e20",2020-07-26,7545,"Ile de France",33
"5c1e7e20",2020-07-27,7547,"Ile de France",34
"5c1e7e20",2020-07-28,7556,"Ile de France",35
"5c1e7e20",2020-07-29,7563,"Ile de France",36
"5c1e7e20",2020-07-30,7567,"Ile de France",37
"5c1e7e20",2020-07-31,7569,"Ile de France",38
"5c1e7e20",2020-08-01,7570,"Ile de France",39
"5c1e7e20",2020-08-02,7571,"Ile de France",40
"5c1e7e20",2020-08-03,7583,"Ile de France",41
"5c1e7e20",2020-08-04,7587,"Ile de France",42
"5c1e7e20",2020-08-05,7591,"Ile de France",43
"5c1e7e20",2020-08-06,7595,"Ile de France",44
"5c1e7e20",2020-08-07,7603,"Ile de France",45
"5c1e7e20",2020-08-08,7604,"Ile de France",46
"5c1e7e20",2020-08-09,7604,"Ile de France",47
"5c1e7e20",2020-08-10,7608,"Ile de France",48
"5c1e7e20",2020-08-11,7611,"Ile de France",49
"5c1e7e20",2020-08-12,7620,"Ile de France",50
"5c1e7e20",2020-08-13,7624,"Ile de France",51
"5c1e7e20",2020-08-14,7627,"Ile de France",52
"5c1e7e20",2020-08-15,7628,"Ile de France",53
"5c1e7e20",2020-08-16,7628,"Ile de France",54
"5c1e7e20",2020-08-17,7636,"Ile de France",55
"5c1e7e20",2020-08-18,7644,"Ile de France",56
"5c1e7e20",2020-08-19,7650,"Ile de France",57
"5c1e7e20",2020-08-20,7656,"Ile de France",58
"5c1e7e20",2020-08-21,7671,"Ile de France",59
"5c1e7e20",2020-08-22,7676,"Ile de France",60
NA,2020-04-24,22279,"England",-60
NA,2020-04-25,22831,"England",-59
NA,2020-04-26,23387,"England",-58
NA,2020-04-27,23891,"England",-57
NA,2020-04-28,24388,"England",-56
NA,2020-04-29,24882,"England",-55
NA,2020-04-30,25365,"England",-54
NA,2020-05-01,25840,"England",-53
NA,2020-05-02,26264,"England",-52
NA,2020-05-03,26651,"England",-51
NA,2020-05-04,27060,"England",-50
NA,2020-05-05,27450,"England",-49
NA,2020-05-06,27839,"England",-48
NA,2020-05-07,28233,"England",-47
NA,2020-05-08,28562,"England",-46
NA,2020-05-09,28889,"England",-45
NA,2020-05-10,29189,"England",-44
NA,2020-05-11,29448,"England",-43
NA,2020-05-12,29722,"England",-42
NA,2020-05-13,29975,"England",-41
NA,2020-05-14,30249,"England",-40
NA,2020-05-15,30516,"England",-39
NA,2020-05-16,30782,"England",-38
NA,2020-05-17,31004,"England",-37
NA,2020-05-18,31257,"England",-36
NA,2020-05-19,31487,"England",-35
NA,2020-05-20,31718,"England",-34
NA,2020-05-21,31918,"England",-33
NA,2020-05-22,32112,"England",-32
NA,2020-05-23,32312,"England",-31
NA,2020-05-24,32479,"England",-30
NA,2020-05-25,32654,"England",-29
NA,2020-05-26,32842,"England",-28
NA,2020-05-27,33011,"England",-27
NA,2020-05-28,33193,"England",-26
NA,2020-05-29,33355,"England",-25
NA,2020-05-30,33498,"England",-24
NA,2020-05-31,33610,"England",-23
NA,2020-06-01,33732,"England",-22
NA,2020-06-02,33883,"England",-21
NA,2020-06-03,34020,"England",-20
NA,2020-06-04,34141,"England",-19
NA,2020-06-05,34249,"England",-18
NA,2020-06-06,34347,"England",-17
NA,2020-06-07,34459,"England",-16
NA,2020-06-08,34571,"England",-15
NA,2020-06-09,34655,"England",-14
NA,2020-06-10,34752,"England",-13
NA,2020-06-11,34823,"England",-12
NA,2020-06-12,34896,"England",-11
NA,2020-06-13,34948,"England",-10
NA,2020-06-14,35022,"England",-9
NA,2020-06-15,35083,"England",-8
NA,2020-06-16,35151,"England",-7
NA,2020-06-17,35205,"England",-6
NA,2020-06-18,35261,"England",-5
NA,2020-06-19,35308,"England",-4
NA,2020-06-20,35362,"England",-3
NA,2020-06-21,35409,"England",-2
NA,2020-06-22,35467,"England",-1
NA,2020-06-23,35528,"England",0
NA,2020-06-24,35595,"England",1
NA,2020-06-25,35652,"England",2
NA,2020-06-26,35688,"England",3
NA,2020-06-27,35727,"England",4
NA,2020-06-28,35768,"England",5
NA,2020-06-29,35802,"England",6
NA,2020-06-30,35845,"England",7
NA,2020-07-01,35867,"England",8
NA,2020-07-02,35907,"England",9
NA,2020-07-03,35933,"England",10
NA,2020-07-04,35964,"England",11
NA,2020-07-05,35988,"England",12
NA,2020-07-06,36021,"England",13
NA,2020-07-07,36047,"England",14
NA,2020-07-08,36068,"England",15
NA,2020-07-09,36103,"England",16
NA,2020-07-10,36124,"England",17
NA,2020-07-11,36144,"England",18
NA,2020-07-12,36156,"England",19
NA,2020-07-13,36177,"England",20
NA,2020-07-14,36197,"England",21
NA,2020-07-15,36217,"England",22
NA,2020-07-16,36229,"England",23
NA,2020-07-17,36247,"England",24
NA,2020-07-18,36261,"England",25
NA,2020-07-19,36275,"England",26
NA,2020-07-20,36287,"England",27
NA,2020-07-21,36306,"England",28
NA,2020-07-22,36322,"England",29
NA,2020-07-23,36338,"England",30
NA,2020-07-24,36344,"England",31
NA,2020-07-25,36357,"England",32
NA,2020-07-26,36371,"England",33
NA,2020-07-27,36381,"England",34
NA,2020-07-28,36391,"England",35
NA,2020-07-29,36399,"England",36
NA,2020-07-30,36407,"England",37
NA,2020-07-31,36417,"England",38
NA,2020-08-01,36426,"England",39
NA,2020-08-02,36434,"England",40
NA,2020-08-03,36448,"England",41
NA,2020-08-04,36458,"England",42
NA,2020-08-05,36461,"England",43
NA,2020-08-06,36470,"England",44
NA,2020-08-07,36477,"England",45
NA,2020-08-08,36488,"England",46
NA,2020-08-09,36496,"England",47
NA,2020-08-10,36507,"England",48
NA,2020-08-11,36517,"England",49
NA,2020-08-12,36523,"England",50
NA,2020-08-13,36530,"England",51
NA,2020-08-14,36536,"England",52
NA,2020-08-15,36547,"England",53
NA,2020-08-16,36550,"England",54
NA,2020-08-17,36562,"England",55
NA,2020-08-18,36569,"England",56
NA,2020-08-19,36570,"England",57
NA,2020-08-20,36578,"England",58
NA,2020-08-21,36585,"England",59
NA,2020-08-22,36591,"England",60
"NLD",2020-03-12,4,"Netherlands",-60
"NLD",2020-03-13,7,"Netherlands",-59
"NLD",2020-03-14,10,"Netherlands",-58
"NLD",2020-03-15,17,"Netherlands",-57
"NLD",2020-03-16,21,"Netherlands",-56
"NLD",2020-03-17,39,"Netherlands",-55
"NLD",2020-03-18,55,"Netherlands",-54
"NLD",2020-03-19,76,"Netherlands",-53
"NLD",2020-03-20,105,"Netherlands",-52
"NLD",2020-03-21,136,"Netherlands",-51
"NLD",2020-03-22,179,"Netherlands",-50
"NLD",2020-03-23,211,"Netherlands",-49
"NLD",2020-03-24,273,"Netherlands",-48
"NLD",2020-03-25,353,"Netherlands",-47
"NLD",2020-03-26,428,"Netherlands",-46
"NLD",2020-03-27,542,"Netherlands",-45
"NLD",2020-03-28,631,"Netherlands",-44
"NLD",2020-03-29,756,"Netherlands",-43
"NLD",2020-03-30,846,"Netherlands",-42
"NLD",2020-03-31,1018,"Netherlands",-41
"NLD",2020-04-01,1152,"Netherlands",-40
"NLD",2020-04-02,1316,"Netherlands",-39
"NLD",2020-04-03,1458,"Netherlands",-38
"NLD",2020-04-04,1635,"Netherlands",-37
"NLD",2020-04-05,1740,"Netherlands",-36
"NLD",2020-04-06,1841,"Netherlands",-35
"NLD",2020-04-07,2073,"Netherlands",-34
"NLD",2020-04-08,2221,"Netherlands",-33
"NLD",2020-04-09,2366,"Netherlands",-32
"NLD",2020-04-10,2480,"Netherlands",-31
"NLD",2020-04-11,2614,"Netherlands",-30
"NLD",2020-04-12,2708,"Netherlands",-29
"NLD",2020-04-13,2793,"Netherlands",-28
"NLD",2020-04-14,2915,"Netherlands",-27
"NLD",2020-04-15,3100,"Netherlands",-26
"NLD",2020-04-16,3285,"Netherlands",-25
"NLD",2020-04-17,3429,"Netherlands",-24
"NLD",2020-04-18,3573,"Netherlands",-23
"NLD",2020-04-19,3653,"Netherlands",-22
"NLD",2020-04-20,3718,"Netherlands",-21
"NLD",2020-04-21,3880,"Netherlands",-20
"NLD",2020-04-22,4021,"Netherlands",-19
"NLD",2020-04-23,4150,"Netherlands",-18
"NLD",2020-04-24,4261,"Netherlands",-17
"NLD",2020-04-25,4381,"Netherlands",-16
"NLD",2020-04-26,4446,"Netherlands",-15
"NLD",2020-04-27,4489,"Netherlands",-14
"NLD",2020-04-28,4547,"Netherlands",-13
"NLD",2020-04-29,4683,"Netherlands",-12
"NLD",2020-04-30,4765,"Netherlands",-11
"NLD",2020-05-01,4865,"Netherlands",-10
"NLD",2020-05-02,4958,"Netherlands",-9
"NLD",2020-05-03,5027,"Netherlands",-8
"NLD",2020-05-04,5054,"Netherlands",-7
"NLD",2020-05-05,5136,"Netherlands",-6
"NLD",2020-05-06,5176,"Netherlands",-5
"NLD",2020-05-07,5260,"Netherlands",-4
"NLD",2020-05-08,5332,"Netherlands",-3
"NLD",2020-05-09,5396,"Netherlands",-2
"NLD",2020-05-10,5414,"Netherlands",-1
"NLD",2020-05-11,5430,"Netherlands",0
"NLD",2020-05-12,5486,"Netherlands",1
"NLD",2020-05-13,5535,"Netherlands",2
"NLD",2020-05-14,5564,"Netherlands",3
"NLD",2020-05-15,5618,"Netherlands",4
"NLD",2020-05-16,5643,"Netherlands",5
"NLD",2020-05-17,5654,"Netherlands",6
"NLD",2020-05-18,5670,"Netherlands",7
"NLD",2020-05-19,5691,"Netherlands",8
"NLD",2020-05-20,5723,"Netherlands",9
"NLD",2020-05-21,5751,"Netherlands",10
"NLD",2020-05-22,5764,"Netherlands",11
"NLD",2020-05-23,5786,"Netherlands",12
"NLD",2020-05-24,5797,"Netherlands",13
"NLD",2020-05-25,5805,"Netherlands",14
"NLD",2020-05-26,5828,"Netherlands",15
"NLD",2020-05-27,5843,"Netherlands",16
"NLD",2020-05-28,5874,"Netherlands",17
"NLD",2020-05-29,5899,"Netherlands",18
"NLD",2020-05-30,5920,"Netherlands",19
"NLD",2020-05-31,5923,"Netherlands",20
"NLD",2020-06-01,5929,"Netherlands",21
"NLD",2020-06-02,5933,"Netherlands",22
"NLD",2020-06-03,5945,"Netherlands",23
"NLD",2020-06-04,5960,"Netherlands",24
"NLD",2020-06-05,5973,"Netherlands",25
"NLD",2020-06-06,5980,"Netherlands",26
"NLD",2020-06-07,5983,"Netherlands",27
"NLD",2020-06-08,5986,"Netherlands",28
"NLD",2020-06-09,6002,"Netherlands",29
"NLD",2020-06-10,6014,"Netherlands",30
"NLD",2020-06-11,6017,"Netherlands",31
"NLD",2020-06-12,6026,"Netherlands",32
"NLD",2020-06-13,6030,"Netherlands",33
"NLD",2020-06-14,6032,"Netherlands",34
"NLD",2020-06-15,6038,"Netherlands",35
"NLD",2020-06-16,6043,"Netherlands",36
"NLD",2020-06-17,6047,"Netherlands",37
"NLD",2020-06-18,6051,"Netherlands",38
"NLD",2020-06-19,6054,"Netherlands",39
"NLD",2020-06-20,6062,"Netherlands",40
"NLD",2020-06-21,6063,"Netherlands",41
"NLD",2020-06-22,6063,"Netherlands",42
"NLD",2020-06-23,6069,"Netherlands",43
"NLD",2020-06-24,6071,"Netherlands",44
"NLD",2020-06-25,6074,"Netherlands",45
"NLD",2020-06-26,6077,"Netherlands",46
"NLD",2020-06-27,6079,"Netherlands",47
"NLD",2020-06-28,6079,"Netherlands",48
"NLD",2020-06-29,6081,"Netherlands",49
"NLD",2020-06-30,6086,"Netherlands",50
"NLD",2020-07-01,6089,"Netherlands",51
"NLD",2020-07-02,6092,"Netherlands",52
"NLD",2020-07-03,6094,"Netherlands",53
"NLD",2020-07-04,6100,"Netherlands",54
"NLD",2020-07-05,6101,"Netherlands",55
"NLD",2020-07-06,6102,"Netherlands",56
"NLD",2020-07-07,6106,"Netherlands",57
"NLD",2020-07-08,6109,"Netherlands",58
"NLD",2020-07-09,6111,"Netherlands",59
"NLD",2020-07-10,6112,"Netherlands",60
"83fc0fa9",2020-06-01,2286,"Ontario",-60
"83fc0fa9",2020-06-02,2303,"Ontario",-59
"83fc0fa9",2020-06-03,2322,"Ontario",-58
"83fc0fa9",2020-06-04,2367,"Ontario",-57
"83fc0fa9",2020-06-05,2382,"Ontario",-56
"83fc0fa9",2020-06-06,2417,"Ontario",-55
"83fc0fa9",2020-06-07,2436,"Ontario",-54
"83fc0fa9",2020-06-08,2460,"Ontario",-53
"83fc0fa9",2020-06-09,2474,"Ontario",-52
"83fc0fa9",2020-06-10,2485,"Ontario",-51
"83fc0fa9",2020-06-11,2497,"Ontario",-50
"83fc0fa9",2020-06-12,2508,"Ontario",-49
"83fc0fa9",2020-06-13,2517,"Ontario",-48
"83fc0fa9",2020-06-14,2529,"Ontario",-47
"83fc0fa9",2020-06-15,2542,"Ontario",-46
"83fc0fa9",2020-06-16,2553,"Ontario",-45
"83fc0fa9",2020-06-17,2565,"Ontario",-44
"83fc0fa9",2020-06-18,2568,"Ontario",-43
"83fc0fa9",2020-06-19,2579,"Ontario",-42
"83fc0fa9",2020-06-20,2610,"Ontario",-41
"83fc0fa9",2020-06-21,2621,"Ontario",-40
"83fc0fa9",2020-06-22,2624,"Ontario",-39
"83fc0fa9",2020-06-23,2634,"Ontario",-38
"83fc0fa9",2020-06-24,2646,"Ontario",-37
"83fc0fa9",2020-06-25,2656,"Ontario",-36
"83fc0fa9",2020-06-26,2659,"Ontario",-35
"83fc0fa9",2020-06-27,2667,"Ontario",-34
"83fc0fa9",2020-06-28,2673,"Ontario",-33
"83fc0fa9",2020-06-29,2680,"Ontario",-32
"83fc0fa9",2020-06-30,2687,"Ontario",-31
"83fc0fa9",2020-07-01,2687,"Ontario",-30
"83fc0fa9",2020-07-02,2695,"Ontario",-29
"83fc0fa9",2020-07-03,2697,"Ontario",-28
"83fc0fa9",2020-07-04,2702,"Ontario",-27
"83fc0fa9",2020-07-05,2704,"Ontario",-26
"83fc0fa9",2020-07-06,2704,"Ontario",-25
"83fc0fa9",2020-07-07,2706,"Ontario",-24
"83fc0fa9",2020-07-08,2715,"Ontario",-23
"83fc0fa9",2020-07-09,2718,"Ontario",-22
"83fc0fa9",2020-07-10,2725,"Ontario",-21
"83fc0fa9",2020-07-11,2731,"Ontario",-20
"83fc0fa9",2020-07-12,2734,"Ontario",-19
"83fc0fa9",2020-07-13,2737,"Ontario",-18
"83fc0fa9",2020-07-14,2738,"Ontario",-17
"83fc0fa9",2020-07-15,2752,"Ontario",-16
"83fc0fa9",2020-07-16,2757,"Ontario",-15
"83fc0fa9",2020-07-17,2766,"Ontario",-14
"83fc0fa9",2020-07-18,2768,"Ontario",-13
"83fc0fa9",2020-07-19,2771,"Ontario",-12
"83fc0fa9",2020-07-20,2772,"Ontario",-11
"83fc0fa9",2020-07-21,2773,"Ontario",-10
"83fc0fa9",2020-07-22,2775,"Ontario",-9
"83fc0fa9",2020-07-23,2775,"Ontario",-8
"83fc0fa9",2020-07-24,2778,"Ontario",-7
"83fc0fa9",2020-07-25,2779,"Ontario",-6
"83fc0fa9",2020-07-26,2783,"Ontario",-5
"83fc0fa9",2020-07-27,2784,"Ontario",-4
"83fc0fa9",2020-07-28,2788,"Ontario",-3
"83fc0fa9",2020-07-29,2789,"Ontario",-2
"83fc0fa9",2020-07-30,2792,"Ontario",-1
"83fc0fa9",2020-07-31,2795,"Ontario",0
"83fc0fa9",2020-08-01,2797,"Ontario",1
"83fc0fa9",2020-08-02,2798,"Ontario",2
"83fc0fa9",2020-08-03,2798,"Ontario",3
"83fc0fa9",2020-08-04,2802,"Ontario",4
"83fc0fa9",2020-08-05,2802,"Ontario",5
"83fc0fa9",2020-08-06,2803,"Ontario",6
"83fc0fa9",2020-08-07,2803,"Ontario",7
"83fc0fa9",2020-08-08,2804,"Ontario",8
"83fc0fa9",2020-08-09,2806,"Ontario",9
"83fc0fa9",2020-08-10,2806,"Ontario",10
"83fc0fa9",2020-08-11,2806,"Ontario",11
"83fc0fa9",2020-08-12,2807,"Ontario",12
"83fc0fa9",2020-08-13,2807,"Ontario",13
"83fc0fa9",2020-08-14,2808,"Ontario",14
"83fc0fa9",2020-08-15,2814,"Ontario",15
"83fc0fa9",2020-08-16,2814,"Ontario",16
"83fc0fa9",2020-08-17,2814,"Ontario",17
"83fc0fa9",2020-08-18,2817,"Ontario",18
"83fc0fa9",2020-08-19,2817,"Ontario",19
"83fc0fa9",2020-08-20,2818,"Ontario",20
"83fc0fa9",2020-08-21,2821,"Ontario",21
"83fc0fa9",2020-08-22,2822,"Ontario",22
"83fc0fa9",2020-08-23,2822,"Ontario",23
"83fc0fa9",2020-08-24,2823,"Ontario",24
"83fc0fa9",2020-08-25,2825,"Ontario",25
"83fc0fa9",2020-08-26,2827,"Ontario",26
"83fc0fa9",2020-08-27,2828,"Ontario",27
"83fc0fa9",2020-08-28,2834,"Ontario",28
"83fc0fa9",2020-08-29,2834,"Ontario",29
"83fc0fa9",2020-08-30,2835,"Ontario",30
"83fc0fa9",2020-08-31,2836,"Ontario",31
"83fc0fa9",2020-09-01,2837,"Ontario",32
"83fc0fa9",2020-09-02,2837,"Ontario",33
"83fc0fa9",2020-09-03,2837,"Ontario",34
"83fc0fa9",2020-09-04,2836,"Ontario",35
"83fc0fa9",2020-09-05,2836,"Ontario",36
"83fc0fa9",2020-09-06,2838,"Ontario",37
"83fc0fa9",2020-09-07,2838,"Ontario",38
"83fc0fa9",2020-09-08,2838,"Ontario",39
"83fc0fa9",2020-09-09,2838,"Ontario",40
"83fc0fa9",2020-09-10,2839,"Ontario",41
"83fc0fa9",2020-09-11,2838,"Ontario",42
"83fc0fa9",2020-09-12,2839,"Ontario",43
"83fc0fa9",2020-09-13,2840,"Ontario",44
"83fc0fa9",2020-09-14,2841,"Ontario",45
"83fc0fa9",2020-09-15,2850,"Ontario",46
"83fc0fa9",2020-09-16,2852,"Ontario",47
"83fc0fa9",2020-09-17,2855,"Ontario",48
"83fc0fa9",2020-09-18,2855,"Ontario",49
"83fc0fa9",2020-09-19,2856,"Ontario",50
"83fc0fa9",2020-09-20,2857,"Ontario",51
"83fc0fa9",2020-09-21,2859,"Ontario",52
"83fc0fa9",2020-09-22,2862,"Ontario",53
"83fc0fa9",2020-09-23,2865,"Ontario",54
"83fc0fa9",2020-09-24,2866,"Ontario",55
"83fc0fa9",2020-09-25,2867,"Ontario",56
"83fc0fa9",2020-09-26,2867,"Ontario",57
"83fc0fa9",2020-09-27,2869,"Ontario",58
"83fc0fa9",2020-09-28,2870,"Ontario",59
"83fc0fa9",2020-09-29,2874,"Ontario",60
"908923ae",2020-03-07,0,"Geneva",-60
"908923ae",2020-03-08,0,"Geneva",-59
"908923ae",2020-03-09,0,"Geneva",-58
"908923ae",2020-03-10,1,"Geneva",-57
"908923ae",2020-03-11,1,"Geneva",-56
"908923ae",2020-03-12,2,"Geneva",-55
"908923ae",2020-03-13,2,"Geneva",-54
"908923ae",2020-03-14,2,"Geneva",-53
"908923ae",2020-03-15,4,"Geneva",-52
"908923ae",2020-03-16,4,"Geneva",-51
"908923ae",2020-03-17,5,"Geneva",-50
"908923ae",2020-03-18,6,"Geneva",-49
"908923ae",2020-03-19,7,"Geneva",-48
"908923ae",2020-03-20,9,"Geneva",-47
"908923ae",2020-03-21,9,"Geneva",-46
"908923ae",2020-03-22,10,"Geneva",-45
"908923ae",2020-03-23,14,"Geneva",-44
"908923ae",2020-03-24,15,"Geneva",-43
"908923ae",2020-03-25,22,"Geneva",-42
"908923ae",2020-03-26,24,"Geneva",-41
"908923ae",2020-03-27,31,"Geneva",-40
"908923ae",2020-03-28,39,"Geneva",-39
"908923ae",2020-03-29,48,"Geneva",-38
"908923ae",2020-03-30,56,"Geneva",-37
"908923ae",2020-03-31,66,"Geneva",-36
"908923ae",2020-04-01,75,"Geneva",-35
"908923ae",2020-04-02,83,"Geneva",-34
"908923ae",2020-04-03,89,"Geneva",-33
"908923ae",2020-04-04,103,"Geneva",-32
"908923ae",2020-04-05,110,"Geneva",-31
"908923ae",2020-04-06,122,"Geneva",-30
"908923ae",2020-04-07,133,"Geneva",-29
"908923ae",2020-04-08,147,"Geneva",-28
"908923ae",2020-04-09,156,"Geneva",-27
"908923ae",2020-04-10,167,"Geneva",-26
"908923ae",2020-04-11,176,"Geneva",-25
"908923ae",2020-04-12,185,"Geneva",-24
"908923ae",2020-04-13,189,"Geneva",-23
"908923ae",2020-04-14,194,"Geneva",-22
"908923ae",2020-04-15,201,"Geneva",-21
"908923ae",2020-04-16,208,"Geneva",-20
"908923ae",2020-04-17,214,"Geneva",-19
"908923ae",2020-04-18,218,"Geneva",-18
"908923ae",2020-04-19,222,"Geneva",-17
"908923ae",2020-04-20,225,"Geneva",-16
"908923ae",2020-04-21,231,"Geneva",-15
"908923ae",2020-04-22,241,"Geneva",-14
"908923ae",2020-04-23,244,"Geneva",-13
"908923ae",2020-04-24,250,"Geneva",-12
"908923ae",2020-04-25,252,"Geneva",-11
"908923ae",2020-04-26,253,"Geneva",-10
"908923ae",2020-04-27,254,"Geneva",-9
"908923ae",2020-04-28,256,"Geneva",-8
"908923ae",2020-04-29,257,"Geneva",-7
"908923ae",2020-04-30,260,"Geneva",-6
"908923ae",2020-05-01,263,"Geneva",-5
"908923ae",2020-05-02,266,"Geneva",-4
"908923ae",2020-05-03,266,"Geneva",-3
"908923ae",2020-05-04,268,"Geneva",-2
"908923ae",2020-05-05,269,"Geneva",-1
"908923ae",2020-05-06,270,"Geneva",0
"908923ae",2020-05-07,275,"Geneva",1
"908923ae",2020-05-08,275,"Geneva",2
"908923ae",2020-05-09,276,"Geneva",3
"908923ae",2020-05-10,278,"Geneva",4
"908923ae",2020-05-11,278,"Geneva",5
"908923ae",2020-05-12,279,"Geneva",6
"908923ae",2020-05-13,280,"Geneva",7
"908923ae",2020-05-14,280,"Geneva",8
"908923ae",2020-05-15,280,"Geneva",9
"908923ae",2020-05-16,280,"Geneva",10
"908923ae",2020-05-17,282,"Geneva",11
"908923ae",2020-05-18,283,"Geneva",12
"908923ae",2020-05-19,283,"Geneva",13
"908923ae",2020-05-20,283,"Geneva",14
"908923ae",2020-05-21,286,"Geneva",15
"908923ae",2020-05-22,286,"Geneva",16
"908923ae",2020-05-23,286,"Geneva",17
"908923ae",2020-05-24,286,"Geneva",18
"908923ae",2020-05-25,287,"Geneva",19
"908923ae",2020-05-26,287,"Geneva",20
"908923ae",2020-05-27,287,"Geneva",21
"908923ae",2020-05-28,287,"Geneva",22
"908923ae",2020-05-29,287,"Geneva",23
"908923ae",2020-05-30,287,"Geneva",24
"908923ae",2020-05-31,287,"Geneva",25
"908923ae",2020-06-01,287,"Geneva",26
"908923ae",2020-06-02,287,"Geneva",27
"908923ae",2020-06-03,287,"Geneva",28
"908923ae",2020-06-04,287,"Geneva",29
"908923ae",2020-06-05,287,"Geneva",30
"908923ae",2020-06-06,287,"Geneva",31
"908923ae",2020-06-07,287,"Geneva",32
"908923ae",2020-06-08,287,"Geneva",33
"908923ae",2020-06-09,287,"Geneva",34
"908923ae",2020-06-10,288,"Geneva",35
"908923ae",2020-06-11,288,"Geneva",36
"908923ae",2020-06-12,288,"Geneva",37
"908923ae",2020-06-13,288,"Geneva",38
"908923ae",2020-06-14,288,"Geneva",39
"908923ae",2020-06-15,288,"Geneva",40
"908923ae",2020-06-16,288,"Geneva",41
"908923ae",2020-06-17,288,"Geneva",42
"908923ae",2020-06-18,288,"Geneva",43
"908923ae",2020-06-19,288,"Geneva",44
"908923ae",2020-06-20,288,"Geneva",45
"908923ae",2020-06-21,288,"Geneva",46
"908923ae",2020-06-22,288,"Geneva",47
"908923ae",2020-06-23,288,"Geneva",48
"908923ae",2020-06-24,288,"Geneva",49
"908923ae",2020-06-25,288,"Geneva",50
"908923ae",2020-06-26,288,"Geneva",51
"908923ae",2020-06-27,288,"Geneva",52
"908923ae",2020-06-28,288,"Geneva",53
"908923ae",2020-06-29,288,"Geneva",54
"908923ae",2020-06-30,288,"Geneva",55
"908923ae",2020-07-01,288,"Geneva",56
"908923ae",2020-07-02,288,"Geneva",57
"908923ae",2020-07-03,288,"Geneva",58
"908923ae",2020-07-04,288,"Geneva",59
"908923ae",2020-07-05,288,"Geneva",60
"BEL",2020-02-26,NA,"Belgium",-60
"BEL",2020-02-27,NA,"Belgium",-59
"BEL",2020-02-28,NA,"Belgium",-58
"BEL",2020-02-29,NA,"Belgium",-57
"BEL",2020-03-01,NA,"Belgium",-56
"BEL",2020-03-02,NA,"Belgium",-55
"BEL",2020-03-03,NA,"Belgium",-54
"BEL",2020-03-04,NA,"Belgium",-53
"BEL",2020-03-05,NA,"Belgium",-52
"BEL",2020-03-06,NA,"Belgium",-51
"BEL",2020-03-07,NA,"Belgium",-50
"BEL",2020-03-08,NA,"Belgium",-49
"BEL",2020-03-09,NA,"Belgium",-48
"BEL",2020-03-10,1,"Belgium",-47
"BEL",2020-03-11,4,"Belgium",-46
"BEL",2020-03-12,5,"Belgium",-45
"BEL",2020-03-13,8,"Belgium",-44
"BEL",2020-03-14,13,"Belgium",-43
"BEL",2020-03-15,18,"Belgium",-42
"BEL",2020-03-16,30,"Belgium",-41
"BEL",2020-03-17,40,"Belgium",-40
"BEL",2020-03-18,63,"Belgium",-39
"BEL",2020-03-19,97,"Belgium",-38
"BEL",2020-03-20,134,"Belgium",-37
"BEL",2020-03-21,174,"Belgium",-36
"BEL",2020-03-22,221,"Belgium",-35
"BEL",2020-03-23,299,"Belgium",-34
"BEL",2020-03-24,377,"Belgium",-33
"BEL",2020-03-25,484,"Belgium",-32
"BEL",2020-03-26,587,"Belgium",-31
"BEL",2020-03-27,715,"Belgium",-30
"BEL",2020-03-28,857,"Belgium",-29
"BEL",2020-03-29,1006,"Belgium",-28
"BEL",2020-03-30,1176,"Belgium",-27
"BEL",2020-03-31,1384,"Belgium",-26
"BEL",2020-04-01,1617,"Belgium",-25
"BEL",2020-04-02,1836,"Belgium",-24
"BEL",2020-04-03,2072,"Belgium",-23
"BEL",2020-04-04,2343,"Belgium",-22
"BEL",2020-04-05,2591,"Belgium",-21
"BEL",2020-04-06,2847,"Belgium",-20
"BEL",2020-04-07,3125,"Belgium",-19
"BEL",2020-04-08,3447,"Belgium",-18
"BEL",2020-04-09,3720,"Belgium",-17
"BEL",2020-04-10,4021,"Belgium",-16
"BEL",2020-04-11,4305,"Belgium",-15
"BEL",2020-04-12,4571,"Belgium",-14
"BEL",2020-04-13,4848,"Belgium",-13
"BEL",2020-04-14,5109,"Belgium",-12
"BEL",2020-04-15,5390,"Belgium",-11
"BEL",2020-04-16,5636,"Belgium",-10
"BEL",2020-04-17,5840,"Belgium",-9
"BEL",2020-04-18,6048,"Belgium",-8
"BEL",2020-04-19,6239,"Belgium",-7
"BEL",2020-04-20,6442,"Belgium",-6
"BEL",2020-04-21,6645,"Belgium",-5
"BEL",2020-04-22,6826,"Belgium",-4
"BEL",2020-04-23,6981,"Belgium",-3
"BEL",2020-04-24,7136,"Belgium",-2
"BEL",2020-04-25,7278,"Belgium",-1
"BEL",2020-04-26,7431,"Belgium",0
"BEL",2020-04-27,7565,"Belgium",1
"BEL",2020-04-28,7675,"Belgium",2
"BEL",2020-04-29,7781,"Belgium",3
"BEL",2020-04-30,7869,"Belgium",4
"BEL",2020-05-01,7962,"Belgium",5
"BEL",2020-05-02,8038,"Belgium",6
"BEL",2020-05-03,8132,"Belgium",7
"BEL",2020-05-04,8225,"Belgium",8
"BEL",2020-05-05,8306,"Belgium",9
"BEL",2020-05-06,8381,"Belgium",10
"BEL",2020-05-07,8451,"Belgium",11
"BEL",2020-05-08,8525,"Belgium",12
"BEL",2020-05-09,8596,"Belgium",13
"BEL",2020-05-10,8669,"Belgium",14
"BEL",2020-05-11,8734,"Belgium",15
"BEL",2020-05-12,8779,"Belgium",16
"BEL",2020-05-13,8836,"Belgium",17
"BEL",2020-05-14,8879,"Belgium",18
"BEL",2020-05-15,8924,"Belgium",19
"BEL",2020-05-16,8953,"Belgium",20
"BEL",2020-05-17,8984,"Belgium",21
"BEL",2020-05-18,9020,"Belgium",22
"BEL",2020-05-19,9052,"Belgium",23
"BEL",2020-05-20,9082,"Belgium",24
"BEL",2020-05-21,9117,"Belgium",25
"BEL",2020-05-22,9158,"Belgium",26
"BEL",2020-05-23,9184,"Belgium",27
"BEL",2020-05-24,9218,"Belgium",28
"BEL",2020-05-25,9244,"Belgium",29
"BEL",2020-05-26,9268,"Belgium",30
"BEL",2020-05-27,9292,"Belgium",31
"BEL",2020-05-28,9319,"Belgium",32
"BEL",2020-05-29,9335,"Belgium",33
"BEL",2020-05-30,9359,"Belgium",34
"BEL",2020-05-31,9380,"Belgium",35
"BEL",2020-06-01,9401,"Belgium",36
"BEL",2020-06-02,9425,"Belgium",37
"BEL",2020-06-03,9444,"Belgium",38
"BEL",2020-06-04,9458,"Belgium",39
"BEL",2020-06-05,9470,"Belgium",40
"BEL",2020-06-06,9481,"Belgium",41
"BEL",2020-06-07,9493,"Belgium",42
"BEL",2020-06-08,9502,"Belgium",43
"BEL",2020-06-09,9514,"Belgium",44
"BEL",2020-06-10,9526,"Belgium",45
"BEL",2020-06-11,9533,"Belgium",46
"BEL",2020-06-12,9543,"Belgium",47
"BEL",2020-06-13,9548,"Belgium",48
"BEL",2020-06-14,9552,"Belgium",49
"BEL",2020-06-15,9560,"Belgium",50
"BEL",2020-06-16,9567,"Belgium",51
"BEL",2020-06-17,9574,"Belgium",52
"BEL",2020-06-18,9579,"Belgium",53
"BEL",2020-06-19,9583,"Belgium",54
"BEL",2020-06-20,9586,"Belgium",55
"BEL",2020-06-21,9595,"Belgium",56
"BEL",2020-06-22,9607,"Belgium",57
"BEL",2020-06-23,9611,"Belgium",58
"BEL",2020-06-24,9615,"Belgium",59
"BEL",2020-06-25,9620,"Belgium",60
"7670136a",2020-02-29,NA,"Indiana",-60
"7670136a",2020-03-01,NA,"Indiana",-59
"7670136a",2020-03-02,NA,"Indiana",-58
"7670136a",2020-03-03,NA,"Indiana",-57
"7670136a",2020-03-04,NA,"Indiana",-56
"7670136a",2020-03-05,NA,"Indiana",-55
"7670136a",2020-03-06,0,"Indiana",-54
"7670136a",2020-03-07,0,"Indiana",-53
"7670136a",2020-03-08,0,"Indiana",-52
"7670136a",2020-03-09,0,"Indiana",-51
"7670136a",2020-03-10,0,"Indiana",-50
"7670136a",2020-03-11,0,"Indiana",-49
"7670136a",2020-03-12,0,"Indiana",-48
"7670136a",2020-03-13,0,"Indiana",-47
"7670136a",2020-03-14,0,"Indiana",-46
"7670136a",2020-03-15,0,"Indiana",-45
"7670136a",2020-03-16,1,"Indiana",-44
"7670136a",2020-03-17,2,"Indiana",-43
"7670136a",2020-03-18,2,"Indiana",-42
"7670136a",2020-03-19,2,"Indiana",-41
"7670136a",2020-03-20,5,"Indiana",-40
"7670136a",2020-03-21,6,"Indiana",-39
"7670136a",2020-03-22,9,"Indiana",-38
"7670136a",2020-03-23,12,"Indiana",-37
"7670136a",2020-03-24,17,"Indiana",-36
"7670136a",2020-03-25,19,"Indiana",-35
"7670136a",2020-03-26,23,"Indiana",-34
"7670136a",2020-03-27,32,"Indiana",-33
"7670136a",2020-03-28,38,"Indiana",-32
"7670136a",2020-03-29,40,"Indiana",-31
"7670136a",2020-03-30,44,"Indiana",-30
"7670136a",2020-03-31,61,"Indiana",-29
"7670136a",2020-04-01,80,"Indiana",-28
"7670136a",2020-04-02,94,"Indiana",-27
"7670136a",2020-04-03,118,"Indiana",-26
"7670136a",2020-04-04,136,"Indiana",-25
"7670136a",2020-04-05,151,"Indiana",-24
"7670136a",2020-04-06,171,"Indiana",-23
"7670136a",2020-04-07,208,"Indiana",-22
"7670136a",2020-04-08,246,"Indiana",-21
"7670136a",2020-04-09,295,"Indiana",-20
"7670136a",2020-04-10,353,"Indiana",-19
"7670136a",2020-04-11,389,"Indiana",-18
"7670136a",2020-04-12,405,"Indiana",-17
"7670136a",2020-04-13,414,"Indiana",-16
"7670136a",2020-04-14,458,"Indiana",-15
"7670136a",2020-04-15,511,"Indiana",-14
"7670136a",2020-04-16,554,"Indiana",-13
"7670136a",2020-04-17,599,"Indiana",-12
"7670136a",2020-04-18,633,"Indiana",-11
"7670136a",2020-04-19,652,"Indiana",-10
"7670136a",2020-04-20,666,"Indiana",-9
"7670136a",2020-04-21,731,"Indiana",-8
"7670136a",2020-04-22,764,"Indiana",-7
"7670136a",2020-04-23,811,"Indiana",-6
"7670136a",2020-04-24,851,"Indiana",-5
"7670136a",2020-04-25,897,"Indiana",-4
"7670136a",2020-04-26,928,"Indiana",-3
"7670136a",2020-04-27,932,"Indiana",-2
"7670136a",2020-04-28,992,"Indiana",-1
"7670136a",2020-04-29,1065,"Indiana",0
"7670136a",2020-04-30,1114,"Indiana",1
"7670136a",2020-05-01,1175,"Indiana",2
"7670136a",2020-05-02,1229,"Indiana",3
"7670136a",2020-05-03,1246,"Indiana",4
"7670136a",2020-05-04,1264,"Indiana",5
"7670136a",2020-05-05,1326,"Indiana",6
"7670136a",2020-05-06,1377,"Indiana",7
"7670136a",2020-05-07,1414,"Indiana",8
"7670136a",2020-05-08,1447,"Indiana",9
"7670136a",2020-05-09,1490,"Indiana",10
"7670136a",2020-05-10,1508,"Indiana",11
"7670136a",2020-05-11,1540,"Indiana",12
"7670136a",2020-05-12,1578,"Indiana",13
"7670136a",2020-05-13,1619,"Indiana",14
"7670136a",2020-05-14,1646,"Indiana",15
"7670136a",2020-05-15,1691,"Indiana",16
"7670136a",2020-05-16,1741,"Indiana",17
"7670136a",2020-05-17,1751,"Indiana",18
"7670136a",2020-05-18,1765,"Indiana",19
"7670136a",2020-05-19,1824,"Indiana",20
"7670136a",2020-05-20,1864,"Indiana",21
"7670136a",2020-05-21,1913,"Indiana",22
"7670136a",2020-05-22,1941,"Indiana",23
"7670136a",2020-05-23,1964,"Indiana",24
"7670136a",2020-05-24,1976,"Indiana",25
"7670136a",2020-05-25,1984,"Indiana",26
"7670136a",2020-05-26,2004,"Indiana",27
"7670136a",2020-05-27,2030,"Indiana",28
"7670136a",2020-05-28,2068,"Indiana",29
"7670136a",2020-05-29,2110,"Indiana",30
"7670136a",2020-05-30,2125,"Indiana",31
"7670136a",2020-05-31,2134,"Indiana",32
"7670136a",2020-06-01,2142,"Indiana",33
"7670136a",2020-06-02,2197,"Indiana",34
"7670136a",2020-06-03,2207,"Indiana",35
"7670136a",2020-06-04,2231,"Indiana",36
"7670136a",2020-06-05,2258,"Indiana",37
"7670136a",2020-06-06,2292,"Indiana",38
"7670136a",2020-06-07,2303,"Indiana",39
"7670136a",2020-06-08,2316,"Indiana",40
"7670136a",2020-06-09,2339,"Indiana",41
"7670136a",2020-06-10,2355,"Indiana",42
"7670136a",2020-06-11,2380,"Indiana",43
"7670136a",2020-06-12,2396,"Indiana",44
"7670136a",2020-06-13,2413,"Indiana",45
"7670136a",2020-06-14,2422,"Indiana",46
"7670136a",2020-06-15,2433,"Indiana",47
"7670136a",2020-06-16,2447,"Indiana",48
"7670136a",2020-06-17,2475,"Indiana",49
"7670136a",2020-06-18,2491,"Indiana",50
"7670136a",2020-06-19,2516,"Indiana",51
"7670136a",2020-06-20,2536,"Indiana",52
"7670136a",2020-06-21,2540,"Indiana",53
"7670136a",2020-06-22,2553,"Indiana",54
"7670136a",2020-06-23,2569,"Indiana",55
"7670136a",2020-06-24,2578,"Indiana",56
"7670136a",2020-06-25,2586,"Indiana",57
"7670136a",2020-06-26,2595,"Indiana",58
"7670136a",2020-06-27,2616,"Indiana",59
"7670136a",2020-06-28,2619,"Indiana",60
"71fd029a",2020-05-30,3912,"Connecticut",-60
"71fd029a",2020-05-31,3944,"Connecticut",-59
"71fd029a",2020-06-01,3964,"Connecticut",-58
"71fd029a",2020-06-02,3972,"Connecticut",-57
"71fd029a",2020-06-03,3989,"Connecticut",-56
"71fd029a",2020-06-04,4007,"Connecticut",-55
"71fd029a",2020-06-05,4038,"Connecticut",-54
"71fd029a",2020-06-06,4055,"Connecticut",-53
"71fd029a",2020-06-07,4071,"Connecticut",-52
"71fd029a",2020-06-08,4084,"Connecticut",-51
"71fd029a",2020-06-09,4097,"Connecticut",-50
"71fd029a",2020-06-10,4120,"Connecticut",-49
"71fd029a",2020-06-11,4146,"Connecticut",-48
"71fd029a",2020-06-12,4159,"Connecticut",-47
"71fd029a",2020-06-13,4186,"Connecticut",-46
"71fd029a",2020-06-14,4201,"Connecticut",-45
"71fd029a",2020-06-15,4204,"Connecticut",-44
"71fd029a",2020-06-16,4210,"Connecticut",-43
"71fd029a",2020-06-17,4219,"Connecticut",-42
"71fd029a",2020-06-18,4226,"Connecticut",-41
"71fd029a",2020-06-19,4238,"Connecticut",-40
"71fd029a",2020-06-20,4251,"Connecticut",-39
"71fd029a",2020-06-21,4260,"Connecticut",-38
"71fd029a",2020-06-22,4263,"Connecticut",-37
"71fd029a",2020-06-23,4277,"Connecticut",-36
"71fd029a",2020-06-24,4287,"Connecticut",-35
"71fd029a",2020-06-25,4298,"Connecticut",-34
"71fd029a",2020-06-26,4307,"Connecticut",-33
"71fd029a",2020-06-27,4311,"Connecticut",-32
"71fd029a",2020-06-28,4316,"Connecticut",-31
"71fd029a",2020-06-29,4320,"Connecticut",-30
"71fd029a",2020-06-30,4322,"Connecticut",-29
"71fd029a",2020-07-01,4324,"Connecticut",-28
"71fd029a",2020-07-02,4326,"Connecticut",-27
"71fd029a",2020-07-03,4335,"Connecticut",-26
"71fd029a",2020-07-04,4335,"Connecticut",-25
"71fd029a",2020-07-05,4335,"Connecticut",-24
"71fd029a",2020-07-06,4338,"Connecticut",-23
"71fd029a",2020-07-07,4338,"Connecticut",-22
"71fd029a",2020-07-08,4343,"Connecticut",-21
"71fd029a",2020-07-09,4348,"Connecticut",-20
"71fd029a",2020-07-10,4348,"Connecticut",-19
"71fd029a",2020-07-11,4348,"Connecticut",-18
"71fd029a",2020-07-12,4348,"Connecticut",-17
"71fd029a",2020-07-13,4371,"Connecticut",-16
"71fd029a",2020-07-14,4372,"Connecticut",-15
"71fd029a",2020-07-15,4380,"Connecticut",-14
"71fd029a",2020-07-16,4389,"Connecticut",-13
"71fd029a",2020-07-17,4396,"Connecticut",-12
"71fd029a",2020-07-18,4396,"Connecticut",-11
"71fd029a",2020-07-19,4396,"Connecticut",-10
"71fd029a",2020-07-20,4406,"Connecticut",-9
"71fd029a",2020-07-21,4406,"Connecticut",-8
"71fd029a",2020-07-22,4406,"Connecticut",-7
"71fd029a",2020-07-23,4410,"Connecticut",-6
"71fd029a",2020-07-24,4413,"Connecticut",-5
"71fd029a",2020-07-25,4413,"Connecticut",-4
"71fd029a",2020-07-26,4413,"Connecticut",-3
"71fd029a",2020-07-27,4418,"Connecticut",-2
"71fd029a",2020-07-28,4423,"Connecticut",-1
"71fd029a",2020-07-29,4425,"Connecticut",0
"71fd029a",2020-07-30,4431,"Connecticut",1
"71fd029a",2020-07-31,4432,"Connecticut",2
"71fd029a",2020-08-01,4432,"Connecticut",3
"71fd029a",2020-08-02,4432,"Connecticut",4
"71fd029a",2020-08-03,4437,"Connecticut",5
"71fd029a",2020-08-04,4437,"Connecticut",6
"71fd029a",2020-08-05,4437,"Connecticut",7
"71fd029a",2020-08-06,4437,"Connecticut",8
"71fd029a",2020-08-07,4441,"Connecticut",9
"71fd029a",2020-08-08,4441,"Connecticut",10
"71fd029a",2020-08-09,4441,"Connecticut",11
"71fd029a",2020-08-10,4444,"Connecticut",12
"71fd029a",2020-08-11,4444,"Connecticut",13
"71fd029a",2020-08-12,4450,"Connecticut",14
"71fd029a",2020-08-13,4450,"Connecticut",15
"71fd029a",2020-08-14,4453,"Connecticut",16
"71fd029a",2020-08-15,4453,"Connecticut",17
"71fd029a",2020-08-16,4453,"Connecticut",18
"71fd029a",2020-08-17,4456,"Connecticut",19
"71fd029a",2020-08-18,4456,"Connecticut",20
"71fd029a",2020-08-19,4457,"Connecticut",21
"71fd029a",2020-08-20,4458,"Connecticut",22
"71fd029a",2020-08-21,4460,"Connecticut",23
"71fd029a",2020-08-22,4460,"Connecticut",24
"71fd029a",2020-08-23,4460,"Connecticut",25
"71fd029a",2020-08-24,4460,"Connecticut",26
"71fd029a",2020-08-25,4463,"Connecticut",27
"71fd029a",2020-08-26,4463,"Connecticut",28
"71fd029a",2020-08-27,4465,"Connecticut",29
"71fd029a",2020-08-28,4465,"Connecticut",30
"71fd029a",2020-08-29,4465,"Connecticut",31
"71fd029a",2020-08-30,4465,"Connecticut",32
"71fd029a",2020-08-31,4465,"Connecticut",33
"71fd029a",2020-09-01,4466,"Connecticut",34
"71fd029a",2020-09-02,4467,"Connecticut",35
"71fd029a",2020-09-03,4468,"Connecticut",36
"71fd029a",2020-09-04,4468,"Connecticut",37
"71fd029a",2020-09-05,4468,"Connecticut",38
"71fd029a",2020-09-06,4468,"Connecticut",39
"71fd029a",2020-09-07,4468,"Connecticut",40
"71fd029a",2020-09-08,4474,"Connecticut",41
"71fd029a",2020-09-09,4474,"Connecticut",42
"71fd029a",2020-09-10,4478,"Connecticut",43
"71fd029a",2020-09-11,4480,"Connecticut",44
"71fd029a",2020-09-12,4480,"Connecticut",45
"71fd029a",2020-09-13,4480,"Connecticut",46
"71fd029a",2020-09-14,4485,"Connecticut",47
"71fd029a",2020-09-15,4485,"Connecticut",48
"71fd029a",2020-09-16,4487,"Connecticut",49
"71fd029a",2020-09-17,4488,"Connecticut",50
"71fd029a",2020-09-18,4492,"Connecticut",51
"71fd029a",2020-09-19,4492,"Connecticut",52
"71fd029a",2020-09-20,4492,"Connecticut",53
"71fd029a",2020-09-21,4495,"Connecticut",54
"71fd029a",2020-09-22,4496,"Connecticut",55
"71fd029a",2020-09-23,4497,"Connecticut",56
"71fd029a",2020-09-24,4499,"Connecticut",57
"71fd029a",2020-09-25,4501,"Connecticut",58
"71fd029a",2020-09-26,4501,"Connecticut",59
"71fd029a",2020-09-27,4501,"Connecticut",60
"DNK",2020-10-03,654,"Denmark",-60
"DNK",2020-10-04,658,"Denmark",-59
"DNK",2020-10-05,659,"Denmark",-58
"DNK",2020-10-06,663,"Denmark",-57
"DNK",2020-10-07,663,"Denmark",-56
"DNK",2020-10-08,665,"Denmark",-55
"DNK",2020-10-09,665,"Denmark",-54
"DNK",2020-10-10,667,"Denmark",-53
"DNK",2020-10-11,669,"Denmark",-52
"DNK",2020-10-12,671,"Denmark",-51
"DNK",2020-10-13,674,"Denmark",-50
"DNK",2020-10-14,675,"Denmark",-49
"DNK",2020-10-15,677,"Denmark",-48
"DNK",2020-10-16,677,"Denmark",-47
"DNK",2020-10-17,679,"Denmark",-46
"DNK",2020-10-18,680,"Denmark",-45
"DNK",2020-10-19,686,"Denmark",-44
"DNK",2020-10-20,688,"Denmark",-43
"DNK",2020-10-21,690,"Denmark",-42
"DNK",2020-10-22,694,"Denmark",-41
"DNK",2020-10-23,697,"Denmark",-40
"DNK",2020-10-24,700,"Denmark",-39
"DNK",2020-10-25,702,"Denmark",-38
"DNK",2020-10-26,708,"Denmark",-37
"DNK",2020-10-27,709,"Denmark",-36
"DNK",2020-10-28,715,"Denmark",-35
"DNK",2020-10-29,716,"Denmark",-34
"DNK",2020-10-30,719,"Denmark",-33
"DNK",2020-10-31,721,"Denmark",-32
"DNK",2020-11-01,723,"Denmark",-31
"DNK",2020-11-02,724,"Denmark",-30
"DNK",2020-11-03,728,"Denmark",-29
"DNK",2020-11-04,729,"Denmark",-28
"DNK",2020-11-05,733,"Denmark",-27
"DNK",2020-11-06,738,"Denmark",-26
"DNK",2020-11-07,740,"Denmark",-25
"DNK",2020-11-08,743,"Denmark",-24
"DNK",2020-11-09,747,"Denmark",-23
"DNK",2020-11-10,750,"Denmark",-22
"DNK",2020-11-11,753,"Denmark",-21
"DNK",2020-11-12,755,"Denmark",-20
"DNK",2020-11-13,756,"Denmark",-19
"DNK",2020-11-14,757,"Denmark",-18
"DNK",2020-11-15,760,"Denmark",-17
"DNK",2020-11-16,764,"Denmark",-16
"DNK",2020-11-17,768,"Denmark",-15
"DNK",2020-11-18,770,"Denmark",-14
"DNK",2020-11-19,773,"Denmark",-13
"DNK",2020-11-20,778,"Denmark",-12
"DNK",2020-11-21,781,"Denmark",-11
"DNK",2020-11-22,784,"Denmark",-10
"DNK",2020-11-23,789,"Denmark",-9
"DNK",2020-11-24,797,"Denmark",-8
"DNK",2020-11-25,802,"Denmark",-7
"DNK",2020-11-26,811,"Denmark",-6
"DNK",2020-11-27,816,"Denmark",-5
"DNK",2020-11-28,823,"Denmark",-4
"DNK",2020-11-29,829,"Denmark",-3
"DNK",2020-11-30,837,"Denmark",-2
"DNK",2020-12-01,846,"Denmark",-1
"DNK",2020-12-02,852,"Denmark",0
"DNK",2020-12-03,858,"Denmark",1
"DNK",2020-12-04,867,"Denmark",2
"DNK",2020-12-05,878,"Denmark",3
"DNK",2020-12-06,885,"Denmark",4
"DNK",2020-12-07,894,"Denmark",5
"DNK",2020-12-08,901,"Denmark",6
"DNK",2020-12-09,904,"Denmark",7
"DNK",2020-12-10,918,"Denmark",8
"DNK",2020-12-11,927,"Denmark",9
"DNK",2020-12-12,935,"Denmark",10
"DNK",2020-12-13,941,"Denmark",11
"DNK",2020-12-14,950,"Denmark",12
"DNK",2020-12-15,961,"Denmark",13
"DNK",2020-12-16,975,"Denmark",14
"DNK",2020-12-17,992,"Denmark",15
"DNK",2020-12-18,1007,"Denmark",16
"DNK",2020-12-19,1019,"Denmark",17
"DNK",2020-12-20,1035,"Denmark",18
"DNK",2020-12-21,1053,"Denmark",19
"DNK",2020-12-22,1070,"Denmark",20
"DNK",2020-12-23,1096,"Denmark",21
"DNK",2020-12-24,1114,"Denmark",22
"DNK",2020-12-25,1134,"Denmark",23
"DNK",2020-12-26,1153,"Denmark",24
"DNK",2020-12-27,1174,"Denmark",25
"DNK",2020-12-28,1204,"Denmark",26
"DNK",2020-12-29,1226,"Denmark",27
"DNK",2020-12-30,1256,"Denmark",28
"DNK",2020-12-31,1298,"Denmark",29
"DNK",2021-01-01,1322,"Denmark",30
"DNK",2021-01-02,1345,"Denmark",31
"DNK",2021-01-03,1374,"Denmark",32
"DNK",2021-01-04,1389,"Denmark",33
"DNK",2021-01-05,1420,"Denmark",34
"DNK",2021-01-06,1450,"Denmark",35
"DNK",2021-01-07,1487,"Denmark",36
"DNK",2021-01-08,1517,"Denmark",37
"DNK",2021-01-09,1542,"Denmark",38
"DNK",2021-01-10,1570,"Denmark",39
"DNK",2021-01-11,1597,"Denmark",40
"DNK",2021-01-12,1623,"Denmark",41
"DNK",2021-01-13,1660,"Denmark",42
"DNK",2021-01-14,1660,"Denmark",43
"DNK",2021-01-15,1720,"Denmark",44
"DNK",2021-01-16,1747,"Denmark",45
"DNK",2021-01-17,1775,"Denmark",46
"DNK",2021-01-18,1805,"Denmark",47
"DNK",2021-01-19,1837,"Denmark",48
"DNK",2021-01-20,1872,"Denmark",49
"DNK",2021-01-21,1909,"Denmark",50
"DNK",2021-01-22,1941,"Denmark",51
"DNK",2021-01-23,1969,"Denmark",52
"DNK",2021-01-24,1983,"Denmark",53
"DNK",2021-01-25,2010,"Denmark",54
"DNK",2021-01-26,2030,"Denmark",55
"DNK",2021-01-27,2050,"Denmark",56
"DNK",2021-01-28,2071,"Denmark",57
"DNK",2021-01-29,2084,"Denmark",58
"DNK",2021-01-30,2106,"Denmark",59
"DNK",2021-01-31,2125,"Denmark",60
"ISL",2020-02-04,0,"Iceland",-60
"ISL",2020-02-05,0,"Iceland",-59
"ISL",2020-02-06,0,"Iceland",-58
"ISL",2020-02-07,0,"Iceland",-57
"ISL",2020-02-08,0,"Iceland",-56
"ISL",2020-02-09,0,"Iceland",-55
"ISL",2020-02-10,0,"Iceland",-54
"ISL",2020-02-11,0,"Iceland",-53
"ISL",2020-02-12,0,"Iceland",-52
"ISL",2020-02-13,0,"Iceland",-51
"ISL",2020-02-14,0,"Iceland",-50
"ISL",2020-02-15,0,"Iceland",-49
"ISL",2020-02-16,0,"Iceland",-48
"ISL",2020-02-17,0,"Iceland",-47
"ISL",2020-02-18,0,"Iceland",-46
"ISL",2020-02-19,0,"Iceland",-45
"ISL",2020-02-20,0,"Iceland",-44
"ISL",2020-02-21,0,"Iceland",-43
"ISL",2020-02-22,0,"Iceland",-42
"ISL",2020-02-23,0,"Iceland",-41
"ISL",2020-02-24,0,"Iceland",-40
"ISL",2020-02-25,0,"Iceland",-39
"ISL",2020-02-26,0,"Iceland",-38
"ISL",2020-02-27,0,"Iceland",-37
"ISL",2020-02-28,0,"Iceland",-36
"ISL",2020-02-29,0,"Iceland",-35
"ISL",2020-03-01,0,"Iceland",-34
"ISL",2020-03-02,0,"Iceland",-33
"ISL",2020-03-03,0,"Iceland",-32
"ISL",2020-03-04,0,"Iceland",-31
"ISL",2020-03-05,0,"Iceland",-30
"ISL",2020-03-06,0,"Iceland",-29
"ISL",2020-03-07,0,"Iceland",-28
"ISL",2020-03-08,0,"Iceland",-27
"ISL",2020-03-09,0,"Iceland",-26
"ISL",2020-03-10,0,"Iceland",-25
"ISL",2020-03-11,0,"Iceland",-24
"ISL",2020-03-12,0,"Iceland",-23
"ISL",2020-03-13,0,"Iceland",-22
"ISL",2020-03-14,0,"Iceland",-21
"ISL",2020-03-15,0,"Iceland",-20
"ISL",2020-03-16,0,"Iceland",-19
"ISL",2020-03-17,1,"Iceland",-18
"ISL",2020-03-18,1,"Iceland",-17
"ISL",2020-03-19,1,"Iceland",-16
"ISL",2020-03-20,1,"Iceland",-15
"ISL",2020-03-21,1,"Iceland",-14
"ISL",2020-03-22,1,"Iceland",-13
"ISL",2020-03-23,2,"Iceland",-12
"ISL",2020-03-24,2,"Iceland",-11
"ISL",2020-03-25,2,"Iceland",-10
"ISL",2020-03-26,2,"Iceland",-9
"ISL",2020-03-27,2,"Iceland",-8
"ISL",2020-03-28,2,"Iceland",-7
"ISL",2020-03-29,2,"Iceland",-6
"ISL",2020-03-30,2,"Iceland",-5
"ISL",2020-03-31,2,"Iceland",-4
"ISL",2020-04-01,4,"Iceland",-3
"ISL",2020-04-02,4,"Iceland",-2
"ISL",2020-04-03,4,"Iceland",-1
"ISL",2020-04-04,4,"Iceland",0
"ISL",2020-04-05,6,"Iceland",1
"ISL",2020-04-06,6,"Iceland",2
"ISL",2020-04-07,6,"Iceland",3
"ISL",2020-04-08,6,"Iceland",4
"ISL",2020-04-09,7,"Iceland",5
"ISL",2020-04-10,8,"Iceland",6
"ISL",2020-04-11,8,"Iceland",7
"ISL",2020-04-12,8,"Iceland",8
"ISL",2020-04-13,8,"Iceland",9
"ISL",2020-04-14,8,"Iceland",10
"ISL",2020-04-15,8,"Iceland",11
"ISL",2020-04-16,9,"Iceland",12
"ISL",2020-04-17,9,"Iceland",13
"ISL",2020-04-18,9,"Iceland",14
"ISL",2020-04-19,10,"Iceland",15
"ISL",2020-04-20,10,"Iceland",16
"ISL",2020-04-21,10,"Iceland",17
"ISL",2020-04-22,10,"Iceland",18
"ISL",2020-04-23,10,"Iceland",19
"ISL",2020-04-24,10,"Iceland",20
"ISL",2020-04-25,10,"Iceland",21
"ISL",2020-04-26,10,"Iceland",22
"ISL",2020-04-27,10,"Iceland",23
"ISL",2020-04-28,10,"Iceland",24
"ISL",2020-04-29,10,"Iceland",25
"ISL",2020-04-30,10,"Iceland",26
"ISL",2020-05-01,10,"Iceland",27
"ISL",2020-05-02,10,"Iceland",28
"ISL",2020-05-03,10,"Iceland",29
"ISL",2020-05-04,10,"Iceland",30
"ISL",2020-05-05,10,"Iceland",31
"ISL",2020-05-06,10,"Iceland",32
"ISL",2020-05-07,10,"Iceland",33
"ISL",2020-05-08,10,"Iceland",34
"ISL",2020-05-09,10,"Iceland",35
"ISL",2020-05-10,10,"Iceland",36
"ISL",2020-05-11,10,"Iceland",37
"ISL",2020-05-12,10,"Iceland",38
"ISL",2020-05-13,10,"Iceland",39
"ISL",2020-05-14,10,"Iceland",40
"ISL",2020-05-15,10,"Iceland",41
"ISL",2020-05-16,10,"Iceland",42
"ISL",2020-05-17,10,"Iceland",43
"ISL",2020-05-18,10,"Iceland",44
"ISL",2020-05-19,10,"Iceland",45
"ISL",2020-05-20,10,"Iceland",46
"ISL",2020-05-21,10,"Iceland",47
"ISL",2020-05-22,10,"Iceland",48
"ISL",2020-05-23,10,"Iceland",49
"ISL",2020-05-24,10,"Iceland",50
"ISL",2020-05-25,10,"Iceland",51
"ISL",2020-05-26,10,"Iceland",52
"ISL",2020-05-27,10,"Iceland",53
"ISL",2020-05-28,10,"Iceland",54
"ISL",2020-05-29,10,"Iceland",55
"ISL",2020-05-30,10,"Iceland",56
"ISL",2020-05-31,10,"Iceland",57
"ISL",2020-06-01,10,"Iceland",58
"ISL",2020-06-02,10,"Iceland",59
"ISL",2020-06-03,10,"Iceland",60
"7270561f",2020-03-01,0,"NYC",-58
"7270561f",2020-03-02,0,"NYC",-57
"7270561f",2020-03-03,0,"NYC",-56
"7270561f",2020-03-04,0,"NYC",-55
"7270561f",2020-03-05,0,"NYC",-54
"7270561f",2020-03-06,0,"NYC",-53
"7270561f",2020-03-07,0,"NYC",-52
"7270561f",2020-03-08,0,"NYC",-51
"7270561f",2020-03-09,0,"NYC",-50
"7270561f",2020-03-10,0,"NYC",-49
"7270561f",2020-03-11,0,"NYC",-48
"7270561f",2020-03-12,0,"NYC",-47
"7270561f",2020-03-13,0,"NYC",-46
"7270561f",2020-03-14,1,"NYC",-45
"7270561f",2020-03-15,5,"NYC",-44
"7270561f",2020-03-16,7,"NYC",-43
"7270561f",2020-03-17,11,"NYC",-42
"7270561f",2020-03-18,25,"NYC",-41
"7270561f",2020-03-19,31,"NYC",-40
"7270561f",2020-03-20,54,"NYC",-39
"7270561f",2020-03-21,75,"NYC",-38
"7270561f",2020-03-22,119,"NYC",-37
"7270561f",2020-03-23,155,"NYC",-36
"7270561f",2020-03-24,230,"NYC",-35
"7270561f",2020-03-25,330,"NYC",-34
"7270561f",2020-03-26,435,"NYC",-33
"7270561f",2020-03-27,560,"NYC",-32
"7270561f",2020-03-28,825,"NYC",-31
"7270561f",2020-03-29,991,"NYC",-30
"7270561f",2020-03-30,1202,"NYC",-29
"7270561f",2020-03-31,1475,"NYC",-28
"7270561f",2020-04-01,1848,"NYC",-27
"7270561f",2020-04-02,2152,"NYC",-26
"7270561f",2020-04-03,2648,"NYC",-25
"7270561f",2020-04-04,3221,"NYC",-24
"7270561f",2020-04-05,3646,"NYC",-23
"7270561f",2020-04-06,4857,"NYC",-22
"7270561f",2020-04-07,5631,"NYC",-21
"7270561f",2020-04-08,6441,"NYC",-20
"7270561f",2020-04-09,7249,"NYC",-19
"7270561f",2020-04-10,7981,"NYC",-18
"7270561f",2020-04-11,8734,"NYC",-17
"7270561f",2020-04-12,9448,"NYC",-16
"7270561f",2020-04-13,10096,"NYC",-15
"7270561f",2020-04-14,10857,"NYC",-14
"7270561f",2020-04-15,11566,"NYC",-13
"7270561f",2020-04-16,12109,"NYC",-12
"7270561f",2020-04-17,12283,"NYC",-11
"7270561f",2020-04-18,12411,"NYC",-10
"7270561f",2020-04-19,13632,"NYC",-9
"7270561f",2020-04-20,14074,"NYC",-8
"7270561f",2020-04-21,14513,"NYC",-7
"7270561f",2020-04-22,14959,"NYC",-6
"7270561f",2020-04-23,15361,"NYC",-5
"7270561f",2020-04-24,15754,"NYC",-4
"7270561f",2020-04-25,16146,"NYC",-3
"7270561f",2020-04-26,16486,"NYC",-2
"7270561f",2020-04-27,16821,"NYC",-1
"7270561f",2020-04-28,17206,"NYC",0
"7270561f",2020-04-29,17597,"NYC",1
"7270561f",2020-04-30,17809,"NYC",2
"7270561f",2020-05-01,17931,"NYC",3
"7270561f",2020-05-02,18021,"NYC",4
"7270561f",2020-05-03,18451,"NYC",5
"7270561f",2020-05-04,18580,"NYC",6
"7270561f",2020-05-05,18719,"NYC",7
"7270561f",2020-05-06,18993,"NYC",8
"7270561f",2020-05-07,19141,"NYC",9
"7270561f",2020-05-08,19210,"NYC",10
"7270561f",2020-05-09,19324,"NYC",11
"7270561f",2020-05-10,19436,"NYC",12
"7270561f",2020-05-11,19563,"NYC",13
"7270561f",2020-05-12,19736,"NYC",14
"7270561f",2020-05-13,19815,"NYC",15
"7270561f",2020-05-14,19904,"NYC",16
"7270561f",2020-05-15,19972,"NYC",17
"7270561f",2020-05-16,20071,"NYC",18
"7270561f",2020-05-17,20214,"NYC",19
"7270561f",2020-05-18,20298,"NYC",20
"7270561f",2020-05-19,20376,"NYC",21
"7270561f",2020-05-20,20422,"NYC",22
"7270561f",2020-05-21,20491,"NYC",23
"7270561f",2020-05-22,20569,"NYC",24
"7270561f",2020-05-23,20621,"NYC",25
"7270561f",2020-05-24,20697,"NYC",26
"7270561f",2020-05-25,20740,"NYC",27
"7270561f",2020-05-26,20795,"NYC",28
"7270561f",2020-05-27,20844,"NYC",29
"7270561f",2020-05-28,20895,"NYC",30
"7270561f",2020-05-29,20960,"NYC",31
"7270561f",2020-05-30,20991,"NYC",32
"7270561f",2020-05-31,21050,"NYC",33
"7270561f",2020-06-01,21090,"NYC",34
"7270561f",2020-06-02,21132,"NYC",35
"7270561f",2020-06-03,21170,"NYC",36
"7270561f",2020-06-04,21234,"NYC",37
"7270561f",2020-06-05,21262,"NYC",38
"7270561f",2020-06-06,21294,"NYC",39
"7270561f",2020-06-07,21323,"NYC",40
"7270561f",2020-06-08,21356,"NYC",41
"7270561f",2020-06-09,21396,"NYC",42
"7270561f",2020-06-10,21436,"NYC",43
"7270561f",2020-06-11,21468,"NYC",44
"7270561f",2020-06-12,21519,"NYC",45
"7270561f",2020-06-13,21551,"NYC",46
"7270561f",2020-06-14,21578,"NYC",47
"7270561f",2020-06-15,21600,"NYC",48
"7270561f",2020-06-16,21619,"NYC",49
"7270561f",2020-06-17,21645,"NYC",50
"7270561f",2020-06-18,21673,"NYC",51
"7270561f",2020-06-19,21710,"NYC",52
"7270561f",2020-06-20,21719,"NYC",53
"7270561f",2020-06-21,21753,"NYC",54
"7270561f",2020-06-22,21796,"NYC",55
"7270561f",2020-06-23,21817,"NYC",56
"7270561f",2020-06-24,21838,"NYC",57
"7270561f",2020-06-25,21856,"NYC",58
"7270561f",2020-06-26,21893,"NYC",59
"7270561f",2020-06-27,21913,"NYC",60
"5ac05a7e",2020-03-04,0,"Atlanta",-60
"5ac05a7e",2020-03-05,0,"Atlanta",-59
"5ac05a7e",2020-03-06,0,"Atlanta",-58
"5ac05a7e",2020-03-07,0,"Atlanta",-57
"5ac05a7e",2020-03-08,0,"Atlanta",-56
"5ac05a7e",2020-03-09,0,"Atlanta",-55
"5ac05a7e",2020-03-10,0,"Atlanta",-54
"5ac05a7e",2020-03-11,0,"Atlanta",-53
"5ac05a7e",2020-03-12,0,"Atlanta",-52
"5ac05a7e",2020-03-13,0,"Atlanta",-51
"5ac05a7e",2020-03-14,0,"Atlanta",-50
"5ac05a7e",2020-03-15,0,"Atlanta",-49
"5ac05a7e",2020-03-16,0,"Atlanta",-48
"5ac05a7e",2020-03-17,0,"Atlanta",-47
"5ac05a7e",2020-03-18,0,"Atlanta",-46
"5ac05a7e",2020-03-19,2,"Atlanta",-45
"5ac05a7e",2020-03-20,2,"Atlanta",-44
"5ac05a7e",2020-03-21,3,"Atlanta",-43
"5ac05a7e",2020-03-22,3,"Atlanta",-42
"5ac05a7e",2020-03-23,3,"Atlanta",-41
"5ac05a7e",2020-03-24,4,"Atlanta",-40
"5ac05a7e",2020-03-25,4,"Atlanta",-39
"5ac05a7e",2020-03-26,4,"Atlanta",-38
"5ac05a7e",2020-03-27,12,"Atlanta",-37
"5ac05a7e",2020-03-28,13,"Atlanta",-36
"5ac05a7e",2020-03-29,12,"Atlanta",-35
"5ac05a7e",2020-03-30,16,"Atlanta",-34
"5ac05a7e",2020-03-31,18,"Atlanta",-33
"5ac05a7e",2020-04-01,20,"Atlanta",-32
"5ac05a7e",2020-04-02,23,"Atlanta",-31
"5ac05a7e",2020-04-03,26,"Atlanta",-30
"5ac05a7e",2020-04-04,26,"Atlanta",-29
"5ac05a7e",2020-04-05,28,"Atlanta",-28
"5ac05a7e",2020-04-06,32,"Atlanta",-27
"5ac05a7e",2020-04-07,39,"Atlanta",-26
"5ac05a7e",2020-04-08,42,"Atlanta",-25
"5ac05a7e",2020-04-09,48,"Atlanta",-24
"5ac05a7e",2020-04-10,50,"Atlanta",-23
"5ac05a7e",2020-04-11,50,"Atlanta",-22
"5ac05a7e",2020-04-12,50,"Atlanta",-21
"5ac05a7e",2020-04-13,52,"Atlanta",-20
"5ac05a7e",2020-04-14,60,"Atlanta",-19
"5ac05a7e",2020-04-15,63,"Atlanta",-18
"5ac05a7e",2020-04-16,66,"Atlanta",-17
"5ac05a7e",2020-04-17,74,"Atlanta",-16
"5ac05a7e",2020-04-18,74,"Atlanta",-15
"5ac05a7e",2020-04-19,75,"Atlanta",-14
"5ac05a7e",2020-04-20,80,"Atlanta",-13
"5ac05a7e",2020-04-21,83,"Atlanta",-12
"5ac05a7e",2020-04-22,85,"Atlanta",-11
"5ac05a7e",2020-04-23,88,"Atlanta",-10
"5ac05a7e",2020-04-24,91,"Atlanta",-9
"5ac05a7e",2020-04-25,91,"Atlanta",-8
"5ac05a7e",2020-04-26,94,"Atlanta",-7
"5ac05a7e",2020-04-27,103,"Atlanta",-6
"5ac05a7e",2020-04-28,108,"Atlanta",-5
"5ac05a7e",2020-04-29,116,"Atlanta",-4
"5ac05a7e",2020-04-30,118,"Atlanta",-3
"5ac05a7e",2020-05-01,122,"Atlanta",-2
"5ac05a7e",2020-05-02,122,"Atlanta",-1
"5ac05a7e",2020-05-03,124,"Atlanta",0
"5ac05a7e",2020-05-04,129,"Atlanta",1
"5ac05a7e",2020-05-05,130,"Atlanta",2
"5ac05a7e",2020-05-06,135,"Atlanta",3
"5ac05a7e",2020-05-07,137,"Atlanta",4
"5ac05a7e",2020-05-08,144,"Atlanta",5
"5ac05a7e",2020-05-09,144,"Atlanta",6
"5ac05a7e",2020-05-10,144,"Atlanta",7
"5ac05a7e",2020-05-11,145,"Atlanta",8
"5ac05a7e",2020-05-12,149,"Atlanta",9
"5ac05a7e",2020-05-13,152,"Atlanta",10
"5ac05a7e",2020-05-14,159,"Atlanta",11
"5ac05a7e",2020-05-15,164,"Atlanta",12
"5ac05a7e",2020-05-16,165,"Atlanta",13
"5ac05a7e",2020-05-17,165,"Atlanta",14
"5ac05a7e",2020-05-18,171,"Atlanta",15
"5ac05a7e",2020-05-19,174,"Atlanta",16
"5ac05a7e",2020-05-20,174,"Atlanta",17
"5ac05a7e",2020-05-21,190,"Atlanta",18
"5ac05a7e",2020-05-22,196,"Atlanta",19
"5ac05a7e",2020-05-23,197,"Atlanta",20
"5ac05a7e",2020-05-24,196,"Atlanta",21
"5ac05a7e",2020-05-25,199,"Atlanta",22
"5ac05a7e",2020-05-26,209,"Atlanta",23
"5ac05a7e",2020-05-27,214,"Atlanta",24
"5ac05a7e",2020-05-28,224,"Atlanta",25
"5ac05a7e",2020-05-29,229,"Atlanta",26
"5ac05a7e",2020-05-30,230,"Atlanta",27
"5ac05a7e",2020-05-31,235,"Atlanta",28
"5ac05a7e",2020-06-01,241,"Atlanta",29
"5ac05a7e",2020-06-02,242,"Atlanta",30
"5ac05a7e",2020-06-03,244,"Atlanta",31
"5ac05a7e",2020-06-04,250,"Atlanta",32
"5ac05a7e",2020-06-05,250,"Atlanta",33
"5ac05a7e",2020-06-06,252,"Atlanta",34
"5ac05a7e",2020-06-07,252,"Atlanta",35
"5ac05a7e",2020-06-08,256,"Atlanta",36
"5ac05a7e",2020-06-09,272,"Atlanta",37
"5ac05a7e",2020-06-10,273,"Atlanta",38
"5ac05a7e",2020-06-11,273,"Atlanta",39
"5ac05a7e",2020-06-12,280,"Atlanta",40
"5ac05a7e",2020-06-13,284,"Atlanta",41
"5ac05a7e",2020-06-14,285,"Atlanta",42
"5ac05a7e",2020-06-15,290,"Atlanta",43
"5ac05a7e",2020-06-16,295,"Atlanta",44
"5ac05a7e",2020-06-17,299,"Atlanta",45
"5ac05a7e",2020-06-18,301,"Atlanta",46
"5ac05a7e",2020-06-19,304,"Atlanta",47
"5ac05a7e",2020-06-20,304,"Atlanta",48
"5ac05a7e",2020-06-21,304,"Atlanta",49
"5ac05a7e",2020-06-22,304,"Atlanta",50
"5ac05a7e",2020-06-23,302,"Atlanta",51
"5ac05a7e",2020-06-24,302,"Atlanta",52
"5ac05a7e",2020-06-25,309,"Atlanta",53
"5ac05a7e",2020-06-26,311,"Atlanta",54
"5ac05a7e",2020-06-27,311,"Atlanta",55
"5ac05a7e",2020-06-28,311,"Atlanta",56
"5ac05a7e",2020-06-29,312,"Atlanta",57
"5ac05a7e",2020-06-30,312,"Atlanta",58
"5ac05a7e",2020-07-01,314,"Atlanta",59
"5ac05a7e",2020-07-02,314,"Atlanta",60
